"COD_ACC","COD_ENTE","DES_ACC","FLG_BONUS_MALUS_ANNUALE","FLG_RATEIZZAZIONE","DAT_INI","DAT_FIN","FLG_SOSP","COD_SPESE","FLG_ACC_BR"
"0002","0002","PIANO SANITARIO SILVER","N","A","2022-01-01 00:00:00.0","2022-12-31 00:00:00.0","S","Z","N"
"0001","0001","A&C SERVICE SRL","N","A","2022-01-01 00:00:00.0","2022-12-31 00:00:00.0","S","Z","N"
"0003","0003","FONDO MPT","N","A","2022-01-01 00:00:00.0","2022-12-31 00:00:00.0","S","Z","N"
"0004","0003","EBIPRO 2023","N","A","2023-01-01 00:00:00.0","2025-12-31 00:00:00.0","D","Z","N"
"0005","0004","AON S.P.A","N","A","2023-01-01 00:00:00.0","2023-12-31 00:00:00.0","D","Z","N"
"0013","0011","TECHNIP","N","A","2023-01-01 00:00:00.0","2023-12-31 00:00:00.0","D","Z","N"
"0007","0005","AON HEWITT","N","A","2023-01-01 00:00:00.0","2023-12-31 00:00:00.0","D","Z","N"
"0008","0006","AON ITALIA","N","A","2023-01-01 00:00:00.0","2023-12-31 00:00:00.0","D","Z","N"
"0009","0007","US","N","A","2023-01-01 00:00:00.0","2023-12-31 00:00:00.0","D","Z","N"
"0010","0008","GLOBAL SAFE IMPIEGATI","N","A","2023-01-01 00:00:00.0","2023-12-31 00:00:00.0","D","Z","N"
"0011","0009","MUTUA MED IMPIEGATI","N","A","2023-01-01 00:00:00.0","2023-12-31 00:00:00.0","D","Z","N"
"0012","0010","PREVILINE IMPIEGATI","N","A","2023-01-01 00:00:00.0","2023-12-31 00:00:00.0","D","Z","N"
"0014","0002","PIANO SANITARIO SILVER","N","A","2023-01-01 00:00:00.0","2023-12-31 00:00:00.0","S","Z","N"
"0172","0002","PIANO SANITARIO SILVER","N","A","2024-01-01 00:00:00.0","2024-12-31 00:00:00.0","S","Z","N"
"0028","0025","FONDAZIONE ADECCO","N","A","2023-01-01 00:00:00.0","2023-12-31 00:00:00.0","D","Z","N"
"0179","0038","C.A.S.S.A. 2025","N","A","2025-01-01 00:00:00.0","2025-12-31 00:00:00.0","D","Z","N"
"0016","0013","CASINO DE LA VALLEE","N","A","2023-01-01 00:00:00.0","2023-12-31 00:00:00.0","D","Z","N"
"0026","0023","ADECCO ITALIA HOLDING","N","A","2023-01-01 00:00:00.0","2023-12-31 00:00:00.0","D","Z","N"
"0027","0024","ADECCO ITALIA SPA 2023","N","A","2023-01-01 00:00:00.0","2023-12-31 00:00:00.0","D","Z","N"
"0154","0025","FONDAZIONE ADECCO 2024","N","A","2024-01-01 00:00:00.0","2024-12-31 00:00:00.0","D","Z","N"
"0155","0022","ADECCO FORMAZIONE 2024","N","A","2024-01-01 00:00:00.0","2024-12-31 00:00:00.0","D","Z","N"
"0157","0027","LEE HECHT HARRISSON 2024","N","A","2024-01-01 00:00:00.0","2024-12-31 00:00:00.0","D","Z","N"
"0056","0052","PALLADINI & PARTNERS","N","A","2023-01-01 00:00:00.0","2023-12-31 00:00:00.0","D","Z","N"
"0185","0020","FASDAPI 2025","N","A","2025-01-01 00:00:00.0","2025-12-31 00:00:00.0","D","Z","N"
"0189","0022","ADECCO FORMAZIONE 2025","N","A","2025-01-01 00:00:00.0","2025-12-31 00:00:00.0","D","Z","N"
"0190","0023","ADECCO ITALIA HOLDING","N","A","2025-01-01 00:00:00.0","2025-12-31 00:00:00.0","D","Z","N"
"0191","0024","ADECCO ITALIA SPA 2025","N","A","2025-01-01 00:00:00.0","2025-12-31 00:00:00.0","D","Z","N"
"0192","0025","FONDAZIONE ADECCO 2025","N","A","2025-01-01 00:00:00.0","2025-12-31 00:00:00.0","D","Z","N"
"0108","0052","PALLADINI & PARTNERS 2024","N","A","2024-01-01 00:00:00.0","2024-12-31 00:00:00.0","D","Z","N"
"0137","0031","MODIS 2024","N","A","2024-01-01 00:00:00.0","2024-12-31 00:00:00.0","D","Z","N"
"0169","0064","EPIKARD","N","A","2024-01-01 00:00:00.0","2024-12-31 00:00:00.0","S","Z","N"
"0170","0071","CADIPROF","N","A","2024-01-01 00:00:00.0","2024-12-31 00:00:00.0","S","Z","N"
"0204","0076","RO.S.S. 2025","N","A","2025-01-01 00:00:00.0","2025-12-31 00:00:00.0","D","Z","N"
"0017","0015","SIGEMI","N","A","2023-01-01 00:00:00.0","2023-12-31 00:00:00.0","D","Z","N"
"0036","0033","FONDO TUTELA TINABA SRL","N","A","2023-01-01 00:00:00.0","2023-12-31 00:00:00.0","D","Z","N"
"0078","0034","COMUNE DI BOLOGNA 2024","N","A","2024-01-01 00:00:00.0","2024-12-31 00:00:00.0","D","Z","N"
"0176","0063","NEXO 2025","N","A","2025-01-01 00:00:00.0","2025-12-31 00:00:00.0","D","Z","N"
"0171","0001","A&C SERVICE SRL","N","A","2024-01-01 00:00:00.0","2024-12-31 00:00:00.0","S","Z","N"
"0180","0072","SITAF 2025","N","A","2025-01-01 00:00:00.0","2025-12-31 00:00:00.0","D","Z","N"
"0165","0068","SPORT E SALUTE 2024","N","A","2024-07-01 00:00:00.0","2025-06-30 00:00:00.0","D","Z","N"
"0067","0063","NEXO","N","A","2023-01-01 00:00:00.0","2023-12-31 00:00:00.0","S","Z","N"
"0193","0059","STUDIO DIANA SRL 2025","N","A","2025-01-01 00:00:00.0","2025-12-31 00:00:00.0","D","Z","N"
"0194","0026","PROFESSIONAL VALUES 2025","N","A","2025-01-01 00:00:00.0","2025-12-31 00:00:00.0","D","Z","N"
"0195","0027","LEE HECHT HARRISSON 2025","N","A","2025-01-01 00:00:00.0","2025-12-31 00:00:00.0","D","Z","N"
"0196","0028","PROFESSIONAL SOLUTIONS","N","A","2025-01-01 00:00:00.0","2025-12-31 00:00:00.0","D","Z","N"
"0197","0030","MODIS CONSULTING S.R.L.","N","A","2025-01-01 00:00:00.0","2025-12-31 00:00:00.0","D","Z","N"
"0198","0031","MODIS 2025","N","A","2025-01-01 00:00:00.0","2025-12-31 00:00:00.0","D","Z","N"
"0199","0045","AQUILEIA CAPITAL SERVICES","N","A","2025-01-01 00:00:00.0","2025-12-31 00:00:00.0","D","Z","N"
"0200","0046","JULIA PORTFOLIO SOLUTIONS","N","A","2025-01-01 00:00:00.0","2025-12-31 00:00:00.0","D","Z","N"
"0201","0047","NATISSA SGR 2025","N","A","2025-01-01 00:00:00.0","2025-12-31 00:00:00.0","D","Z","N"
"0205","0050","COBO SPA 2025","N","A","2025-01-01 00:00:00.0","2025-12-31 00:00:00.0","D","Z","N"
"0206","0057","AUBAY 2025","N","A","2025-01-01 00:00:00.0","2025-12-31 00:00:00.0","D","Z","N"
"0207","0048","TOWER WATSON 2025","N","A","2025-01-01 00:00:00.0","2025-12-31 00:00:00.0","D","Z","N"
"0209","0021","PENSIONATI BDS 2025","N","A","2025-01-01 00:00:00.0","2025-12-31 00:00:00.0","D","Z","N"
"0211","0061","MTX SRL 2025","N","A","2025-01-01 00:00:00.0","2025-12-31 00:00:00.0","D","Z","N"
"0212","0060","STEDAN SRL 2025","N","A","2025-01-01 00:00:00.0","2025-12-31 00:00:00.0","D","Z","N"
"0042","0001","A&C SERVICE SRL","N","A","2023-01-01 00:00:00.0","2023-12-31 00:00:00.0","S","Z","N"
"0058","0054","DKV EURO SERVICE ITALIA","N","A","2023-01-01 00:00:00.0","2023-12-31 00:00:00.0","D","Z","N"
"0069","0065","AON ACCURACY","N","A","2023-01-01 00:00:00.0","2023-12-31 00:00:00.0","D","Z","N"
"0018","0014","Q8 QUASER","N","A","2023-01-01 00:00:00.0","2023-12-31 00:00:00.0","D","Z","N"
"0089","0032","FONDO TUTELA SATOR SPA","N","A","2024-01-01 00:00:00.0","2024-12-31 00:00:00.0","D","Z","N"
"0090","0033","FONDO TUTELA TINABA SRL","N","A","2024-01-01 00:00:00.0","2024-12-31 00:00:00.0","D","Z","N"
"0178","0011","TECHNIP 2025","N","A","2025-01-01 00:00:00.0","2025-12-31 00:00:00.0","D","Z","N"
"0147","0024","ADECCO ITALIA SPA 2024","N","A","2024-01-01 00:00:00.0","2024-12-31 00:00:00.0","D","Z","N"
"0148","0023","ADECCO ITALIA HOLDING","N","A","2024-01-01 00:00:00.0","2024-12-31 00:00:00.0","D","Z","N"
"0150","0026","PROFESSIONAL VALUES 2024","N","A","2024-01-01 00:00:00.0","2024-12-31 00:00:00.0","D","Z","N"
"0152","0028","PROFESSIONAL SOLUTIONS","N","A","2024-01-01 00:00:00.0","2024-12-31 00:00:00.0","D","Z","N"
"0177","0054","DKV EURO SERVICE ITALIA","N","A","2025-01-01 00:00:00.0","2025-12-31 00:00:00.0","D","Z","N"
"0020","0017","DIOR 2023","N","A","2023-01-01 00:00:00.0","2023-12-31 00:00:00.0","D","Z","N"
"0127","0048","TOWER WATSON 2024","N","A","2024-01-01 00:00:00.0","2024-12-31 00:00:00.0","D","Z","N"
"0128","0041","DANFOSS DISTRIB. SERVICES","N","A","2024-01-01 00:00:00.0","2024-12-31 00:00:00.0","D","Z","N"
"0129","0036","DANFOSS SRL 2024","N","A","2024-01-01 00:00:00.0","2024-12-31 00:00:00.0","D","Z","N"
"0130","0039","DANFOSS POWER SOLUTIONS","N","A","2024-01-01 00:00:00.0","2024-12-31 00:00:00.0","D","Z","N"
"0131","0040","DANFOSS POWER SOLUTIONS 2","N","A","2024-01-01 00:00:00.0","2024-12-31 00:00:00.0","D","Z","N"
"0133","0060","STEDAN SRL 2024","N","A","2024-01-01 00:00:00.0","2024-12-31 00:00:00.0","D","Z","N"
"0134","0059","STUDIO DIANA SRL 2024","N","A","2024-01-01 00:00:00.0","2024-12-31 00:00:00.0","D","Z","N"
"0217","0016","FONDO TUTELA 2025","N","A","2025-01-01 00:00:00.0","2025-12-31 00:00:00.0","D","Z","N"
"0114","0065","ACCURACY 2024","N","A","2024-01-01 00:00:00.0","2024-12-31 00:00:00.0","D","Z","N"
"0116","0008","GLOBAL SAFE IMPIEGATI","N","A","2024-01-01 00:00:00.0","2024-12-31 00:00:00.0","D","Z","N"
"0118","0010","PREVILINE IMPIEGATI 2024","N","A","2024-01-01 00:00:00.0","2024-12-31 00:00:00.0","D","Z","N"
"0119","0007","US 2024","N","A","2024-01-01 00:00:00.0","2024-12-31 00:00:00.0","D","Z","N"
"0120","0009","MUTUA MED IMPIEGATI 2024","N","A","2024-01-01 00:00:00.0","2024-12-31 00:00:00.0","D","Z","N"
"0122","0047","NATISSA SGR 2024","N","A","2024-01-01 00:00:00.0","2024-12-31 00:00:00.0","D","Z","N"
"0123","0056","JDS RE HOLDING 2024","N","A","2024-01-01 00:00:00.0","2024-12-31 00:00:00.0","D","Z","N"
"0144","0042","C.A.S.S.A. DENTONS 2024","N","A","2024-01-01 00:00:00.0","2024-12-31 00:00:00.0","D","Z","N"
"0029","0026","PROFESSIONAL VALUES","N","A","2023-01-01 00:00:00.0","2023-12-31 00:00:00.0","D","Z","N"
"0060","0056","JDS RE HOLDING","N","A","2023-01-01 00:00:00.0","2023-12-31 00:00:00.0","D","Z","N"
"0173","0073","OPBG 2025","N","A","2025-01-01 00:00:00.0","2025-12-31 00:00:00.0","D","Z","N"
"0174","0017","DIOR 2025","N","A","2025-01-01 00:00:00.0","2025-12-31 00:00:00.0","D","Z","N"
"0218","0035","MITUTELA 2025","N","A","2025-01-01 00:00:00.0","2025-12-31 00:00:00.0","D","Z","N"
"0019","0016","FONDO TUTELA 2023","N","A","2023-01-01 00:00:00.0","2023-12-31 00:00:00.0","D","Z","N"
"0039","0036","DANFOSS SRL","N","A","2023-01-01 00:00:00.0","2023-12-31 00:00:00.0","D","Z","N"
"0045","0041","DANFOSS DISTRIB. SERVICES","N","A","2023-01-01 00:00:00.0","2023-12-31 00:00:00.0","D","Z","N"
"0184","0012","Q8 2025","N","A","2025-01-01 00:00:00.0","2025-12-31 00:00:00.0","D","Z","N"
"0208","0051","MMB SRL 2025","N","A","2025-01-01 00:00:00.0","2025-12-31 00:00:00.0","D","Z","N"
"0210","0055","J INVEST 2025","N","A","2025-01-01 00:00:00.0","2025-12-31 00:00:00.0","D","Z","N"
"0213","0058","CAMINADA THINK PLASTIC","N","A","2025-01-01 00:00:00.0","2025-12-31 00:00:00.0","D","Z","N"
"0214","0056","JDS RE HOLDING 2025","N","A","2025-01-01 00:00:00.0","2025-12-31 00:00:00.0","D","Z","N"
"0066","0062","DCH","N","A","2023-04-01 00:00:00.0","2024-03-31 00:00:00.0","D","Z","N"
"0088","0035","MITUTELA 2024","N","A","2024-01-01 00:00:00.0","2024-12-31 00:00:00.0","D","Z","N"
"0030","0027","LEE HECHT HARRISSON","N","A","2023-01-01 00:00:00.0","2023-12-31 00:00:00.0","D","Z","N"
"0031","0028","PROFESSIONAL SOLUTIONS","N","A","2023-01-01 00:00:00.0","2023-12-31 00:00:00.0","D","Z","N"
"0032","9999","ENTE DI PROVA","N","A","2023-01-01 00:00:00.0","2023-12-31 00:00:00.0","S","Z","N"
"0033","0030","MODIS CONSULTING S.R.L.","N","A","2023-01-01 00:00:00.0","2023-12-31 00:00:00.0","D","Z","N"
"0163","0066","ASSOCIATI EBIPRO 2024","N","A","2024-01-01 00:00:00.0","2024-12-31 00:00:00.0","D","Z","N"
"0221","0033","FONDO TUTELA TINABA SRL","N","A","2025-01-01 00:00:00.0","2025-12-31 00:00:00.0","D","Z","N"
"0054","0050","COBO SPA","N","A","2023-01-01 00:00:00.0","2023-12-31 00:00:00.0","D","Z","N"
"0057","0053","MECAER AVIATION GROUP SPA","N","A","2023-01-01 00:00:00.0","2023-12-31 00:00:00.0","D","Z","N"
"0188","0043","FLEXTRONICS 2025","N","A","2025-01-01 00:00:00.0","2025-12-31 00:00:00.0","D","Z","N"
"0224","0078","TORRISI 2024","N","A","2024-07-01 00:00:00.0","2024-12-31 00:00:00.0","D","Z","N"
"0055","0051","MMB SRL 2023","N","A","2023-01-01 00:00:00.0","2023-12-31 00:00:00.0","D","Z","N"
"0161","0021","PENSIONATI BDS 2024","N","A","2024-01-01 00:00:00.0","2024-12-31 00:00:00.0","D","Z","N"
"0168","0070","GREAT LAKES 2024","N","A","2024-09-14 00:00:00.0","2024-12-31 00:00:00.0","D","Z","N"
"0047","0043","FLEXTRONICS","N","A","2023-01-01 00:00:00.0","2023-12-31 00:00:00.0","D","Z","N"
"0048","0044","BANCO BILBAO","N","A","2023-01-01 00:00:00.0","2023-12-31 00:00:00.0","D","Z","N"
"0215","0066","ASSOCIATI EBIPRO 2025","N","A","2025-01-01 00:00:00.0","2025-12-31 00:00:00.0","D","Z","N"
"0219","0037","MITUTELA ASCOM 2025","N","A","2025-01-01 00:00:00.0","2025-12-31 00:00:00.0","D","Z","N"
"0023","0020","FASDAPI 2023","N","A","2023-01-01 00:00:00.0","2023-12-31 00:00:00.0","D","Z","N"
"0164","0067","GI&BI SRL 2024","N","A","2024-01-01 00:00:00.0","2024-12-31 00:00:00.0","D","Z","N"
"0125","0049","MUNICH RE 2024","N","A","2024-01-01 00:00:00.0","2024-12-31 00:00:00.0","D","Z","N"
"0043","0039","DANFOSS POWER SOLUTIONS","N","A","2023-01-01 00:00:00.0","2023-12-31 00:00:00.0","D","Z","N"
"0044","0040","DANFOSS POWER SOLUTIONS 2","N","A","2023-01-01 00:00:00.0","2023-12-31 00:00:00.0","D","Z","N"
"0109","0004","AON S.P.A 2024","N","A","2024-01-01 00:00:00.0","2024-12-31 00:00:00.0","D","Z","N"
"0110","0005","AON HEWITT 2024","N","A","2024-01-01 00:00:00.0","2024-12-31 00:00:00.0","D","Z","N"
"0111","0006","AON ITALIA 2024","N","A","2024-01-01 00:00:00.0","2024-12-31 00:00:00.0","D","Z","N"
"0175","0018","MANUFACTURES DIOR 2025","N","A","2025-01-01 00:00:00.0","2025-12-31 00:00:00.0","D","Z","N"
"0223","0065","ACCURACY 2025","N","A","2025-01-01 00:00:00.0","2025-12-31 00:00:00.0","D","Z","N"
"0142","0020","FASDAPI 2024","N","A","2024-01-01 00:00:00.0","2024-12-31 00:00:00.0","D","Z","N"
"0073","0015","SIGEMI 2024","N","A","2024-01-01 00:00:00.0","2024-12-31 00:00:00.0","D","Z","N"
"0074","0014","Q8 QUASER 2024","N","A","2024-01-01 00:00:00.0","2024-12-31 00:00:00.0","D","Z","N"
"0075","0012","Q8 2024","N","A","2024-01-01 00:00:00.0","2024-12-31 00:00:00.0","D","Z","N"
"0076","0017","DIOR 2024","N","A","2024-01-01 00:00:00.0","2024-12-31 00:00:00.0","D","Z","N"
"0077","0018","MANUFACTURES DIOR 2024","N","A","2024-01-01 00:00:00.0","2024-12-31 00:00:00.0","D","Z","N"
"0079","0019","ENTE MORALE 2024","N","A","2024-01-01 00:00:00.0","2024-12-31 00:00:00.0","D","Z","N"
"0040","0037","MITUTELA ASCOM","N","A","2023-01-01 00:00:00.0","2023-12-31 00:00:00.0","D","Z","N"
"0061","0057","AUBAY 2023","N","A","2023-01-01 00:00:00.0","2023-12-31 00:00:00.0","D","Z","N"
"0065","0061","MTX SRL","N","A","2023-01-01 00:00:00.0","2023-12-31 00:00:00.0","D","Z","N"
"0159","0030","MODIS CONSULTING S.R.L.","N","A","2024-01-01 00:00:00.0","2024-12-31 00:00:00.0","D","Z","N"
"0099","0053","MECAER AVIATION GROUP SPA","N","A","2024-01-01 00:00:00.0","2024-12-31 00:00:00.0","D","Z","N"
"0100","0050","COBO SPA 2024","N","A","2024-01-01 00:00:00.0","2024-12-31 00:00:00.0","D","Z","N"
"0101","0058","CAMINADA THINK PLASTIC","N","A","2024-01-01 00:00:00.0","2024-12-31 00:00:00.0","D","Z","N"
"0102","0055","J INVEST 2024","N","A","2024-01-01 00:00:00.0","2024-12-31 00:00:00.0","D","Z","N"
"0103","0061","MTX SRL 2024","N","A","2024-01-01 00:00:00.0","2024-12-31 00:00:00.0","D","Z","N"
"0104","0063","NEXO 2024","N","A","2024-01-01 00:00:00.0","2024-12-31 00:00:00.0","D","Z","N"
"0105","0043","FLEXTRONICS 2024","N","A","2024-01-01 00:00:00.0","2024-12-31 00:00:00.0","D","Z","N"
"0106","0013","CASINO DE LA VALLEE 2024","N","A","2024-01-01 00:00:00.0","2024-12-31 00:00:00.0","D","Z","N"
"0024","0021","PENSIONATI BDS 2023","N","A","2023-01-01 00:00:00.0","2023-12-31 00:00:00.0","D","Z","N"
"0025","0022","ADECCO FORMAZIONE 2023","N","A","2023-01-01 00:00:00.0","2023-12-31 00:00:00.0","D","Z","N"
"0046","0042","C.A.S.S.A. DENTONS","N","A","2023-01-01 00:00:00.0","2023-12-31 00:00:00.0","D","Z","N"
"0049","0045","AQUILEIA CAPITAL SERVICE","N","A","2023-01-01 00:00:00.0","2023-12-31 00:00:00.0","D","Z","N"
"0062","0058","CAMINADA THINK PLASTIC","N","A","2023-01-01 00:00:00.0","2023-12-31 00:00:00.0","D","Z","N"
"0080","0037","MITUTELA ASCOM 2024","N","A","2024-01-01 00:00:00.0","2024-12-31 00:00:00.0","D","Z","N"
"0081","0051","MMB SRL 2024","N","A","2024-01-01 00:00:00.0","2024-12-31 00:00:00.0","D","Z","N"
"0082","0057","AUBAY 2024","N","A","2024-01-01 00:00:00.0","2024-12-31 00:00:00.0","D","Z","N"
"0083","0044","BANCO BILBAO 2024","N","A","2024-01-01 00:00:00.0","2024-12-31 00:00:00.0","D","Z","N"
"0084","0011","TECHNIP 2024","N","A","2024-01-01 00:00:00.0","2024-12-31 00:00:00.0","D","Z","N"
"0085","0054","DKV EURO SERVICE ITALIA","N","A","2024-01-01 00:00:00.0","2024-12-31 00:00:00.0","D","Z","N"
"0021","0018","MANUFACTURES DIOR 2023","N","A","2023-01-01 00:00:00.0","2023-12-31 00:00:00.0","D","Z","N"
"0022","0019","ENTE MORALE 2023","N","A","2023-01-01 00:00:00.0","2023-12-31 00:00:00.0","D","Z","N"
"0035","0032","FONDO TUTELA SATOR SPA","N","A","2023-01-01 00:00:00.0","2023-12-31 00:00:00.0","D","Z","N"
"0037","0034","COMUNE DI BOLOGNA","N","A","2023-01-01 00:00:00.0","2023-12-31 00:00:00.0","D","Z","N"
"0059","0055","J INVEST","N","A","2023-01-01 00:00:00.0","2023-12-31 00:00:00.0","D","Z","N"
"0068","0064","EPIKARD","N","A","2024-01-01 00:00:00.0","2024-12-31 00:00:00.0","D","Z","N"
"0146","0038","C.A.S.S.A. 2024","N","A","2024-01-01 00:00:00.0","2024-12-31 00:00:00.0","D","Z","N"
"0050","0046","JULIA PORTFOLIO SOLUTIONS","N","A","2023-01-01 00:00:00.0","2023-12-31 00:00:00.0","D","Z","N"
"0063","0059","STUDIO DIANA SRL","N","A","2023-01-01 00:00:00.0","2023-12-31 00:00:00.0","D","Z","N"
"0064","0060","STEDAN SRL","N","A","2023-01-01 00:00:00.0","2023-12-31 00:00:00.0","D","Z","N"
"0166","0069","ASSIPROFAR 2024/2025","N","A","2024-10-01 00:00:00.0","2025-10-01 00:00:00.0","D","Z","N"
"0181","0049","MUNICH RE 2025","N","A","2025-01-01 00:00:00.0","2025-12-31 00:00:00.0","D","Z","N"
"0228","0012","Q8 2022","N","A","2022-01-01 00:00:00.0","2022-12-31 00:00:00.0","D","Z","N"
"0229","0057","AUBAY 2022","N","A","2022-01-01 00:00:00.0","2022-12-31 00:00:00.0","D","Z","N"
"0041","0038","C.A.S.S.A. 2023","N","A","2023-01-01 00:00:00.0","2023-12-31 00:00:00.0","D","Z","N"
"0098","0016","FONDO TUTELA 2024","N","A","2024-01-01 00:00:00.0","2024-12-31 00:00:00.0","D","Z","N"
"0182","0070","GREAT LAKES 2025","N","A","2025-01-01 00:00:00.0","2025-12-31 00:00:00.0","D","Z","N"
"0202","0074","SITALFA 2025","N","A","2025-01-01 00:00:00.0","2025-12-31 00:00:00.0","D","Z","N"
"0203","0075","TECNOSITAF 2025","N","A","2025-01-01 00:00:00.0","2025-12-31 00:00:00.0","D","Z","N"
"0183","0013","CASINO DE LA VALLEE 2025","N","A","2025-01-01 00:00:00.0","2025-12-31 00:00:00.0","D","Z","N"
"0034","0031","MODIS","N","A","2023-01-01 00:00:00.0","2023-12-31 00:00:00.0","D","Z","N"
"0139","0046","JULIA PORTFOLIO SOLUTIONS","N","A","2024-01-01 00:00:00.0","2024-12-31 00:00:00.0","D","Z","N"
"0140","0045","AQUILEIA CAPITAL SERVICES","N","A","2024-01-01 00:00:00.0","2024-12-31 00:00:00.0","D","Z","N"
"0162","9999","ENTE DI PROVA","N","A","2024-01-01 00:00:00.0","2024-12-31 00:00:00.0","S","Z","N"
"0053","0049","MUNICH RE","N","A","2023-01-01 00:00:00.0","2023-12-31 00:00:00.0","D","Z","N"
"0226","9999","ENTE DI PROVA","N","A","2025-01-01 00:00:00.0","2025-12-31 00:00:00.0","S","Z","N"
"0186","0014","Q8 QUASER 2025","N","A","2025-01-01 00:00:00.0","2025-12-31 00:00:00.0","D","Z","N"
"0187","0015","SIGEMI 2025","N","A","2025-01-01 00:00:00.0","2025-12-31 00:00:00.0","D","Z","N"
"0052","0048","TOWER WATSON","N","A","2023-01-01 00:00:00.0","2023-12-31 00:00:00.0","D","Z","N"
"0051","0047","NATISSA SGR","N","A","2023-01-01 00:00:00.0","2023-12-31 00:00:00.0","D","Z","N"
"0225","0078","TORRISI 2025","N","A","2025-01-01 00:00:00.0","2025-12-31 00:00:00.0","D","Z","N"
"0216","0077","DIOR CREATION 2025","N","A","2025-01-01 00:00:00.0","2025-12-31 00:00:00.0","D","Z","N"
"0038","0035","MITUTELA","N","A","2023-01-01 00:00:00.0","2023-12-31 00:00:00.0","D","Z","N"
"0227","0053","MECAER AVIATION GROUP SPA","N","A","2025-01-01 00:00:00.0","2025-12-31 00:00:00.0","D","Z","N"
"0015","0012","Q8 2023","N","A","2023-01-01 00:00:00.0","2023-12-31 00:00:00.0","D","Z","N"
"0222","0032","FONDO TUTELA SATOR SPA","N","A","2025-01-01 00:00:00.0","2025-12-31 00:00:00.0","D","Z","N"
"0231","0002","PIANO SANITARIO SILVER","N","A","2025-01-01 00:00:00.0","2025-12-31 00:00:00.0","S","Z","N"
"0232","0079","UBAE 2025","N","A","2025-01-01 00:00:00.0","2025-12-31 00:00:00.0","S","Z","N"
