"IDBRANCA","COD_TIPO_STR"
"1","02"
"1","03"
"1","04"
"1","05"
"1","06"
"1","07"
"1","09"
"1","12"
"1","13"
"1","41"
"1","44"
"2","02"
"2","07"
"2","12"
"2","44"
"3","02"
"3","12"
"3","44"
"4","02"
"4","03"
"4","06"
"4","07"
"4","12"
"4","44"
"5","02"
"5","12"
"6","02"
"6","07"
"6","12"
"8","02"
"8","07"
"8","12"
"9","02"
"9","03"
"9","06"
"9","07"
"9","12"
"9","44"
"10","02"
"10","12"
"18","02"
"18","03"
"18","04"
"18","06"
"18","12"
"18","44"
"20","02"
"20","03"
"20","06"
"20","12"
"20","44"
"21","02"
"21","03"
"21","06"
"21","07"
"21","12"
"22","02"
"22","06"
"22","07"
"22","12"
"23","02"
"23","06"
"23","07"
"23","12"
"24","02"
"24","06"
"24","07"
"24","12"
"25","02"
"25","03"
"25","06"
"25","07"
"25","12"
"26","02"
"26","03"
"26","06"
"26","07"
"26","12"
"27","02"
"27","03"
"27","06"
"27","07"
"27","12"
"28","02"
"28","03"
"28","06"
"28","07"
"28","12"
"28","44"
"29","02"
"29","03"
"29","06"
"29","07"
"29","12"
"29","44"
"30","02"
"30","03"
"30","06"
"30","07"
"30","12"
"30","44"
"31","02"
"31","03"
"31","06"
"31","07"
"31","12"
"31","44"
"32","02"
"32","06"
"32","07"
"32","12"
"33","02"
"33","06"
"33","07"
"33","12"
"34","02"
"34","06"
"34","07"
"34","12"
"35","02"
"35","06"
"35","07"
"35","12"
"36","02"
"36","06"
"36","07"
"36","12"
"37","02"
"37","06"
"37","07"
"37","12"
"38","02"
"38","06"
"38","07"
"38","12"
"39","02"
"39","06"
"39","07"
"39","12"
"40","02"
"40","06"
"40","07"
"40","12"
"41","02"
"41","06"
"41","07"
"41","12"
"42","02"
"42","06"
"42","07"
"42","12"
"43","02"
"43","06"
"43","07"
"43","12"
"44","02"
"44","03"
"44","06"
"44","07"
"44","12"
"45","02"
"45","06"
"45","07"
"45","12"
"46","02"
"46","06"
"46","07"
"46","12"
"47","02"
"47","06"
"47","07"
"47","12"
"48","02"
"48","06"
"48","07"
"48","12"
"49","02"
"49","03"
"49","06"
"49","07"
"49","12"
"50","02"
"50","06"
"50","07"
"50","12"
"51","02"
"51","06"
"51","07"
"51","12"
"52","02"
"52","06"
"52","07"
"52","12"
"53","02"
"53","03"
"53","06"
"53","07"
"53","12"
"54","02"
"54","03"
"54","06"
"54","07"
"54","12"
"55","02"
"55","03"
"55","06"
"55","07"
"55","12"
"56","02"
"56","03"
"56","06"
"56","07"
"56","12"
"57","02"
"57","03"
"57","06"
"57","07"
"57","12"
"58","02"
"58","03"
"58","06"
"58","07"
"58","12"
"59","02"
"59","03"
"59","06"
"59","07"
"59","12"
"60","02"
"60","03"
"60","06"
"60","07"
"60","12"
"61","02"
"61","03"
"61","06"
"61","07"
"61","12"
"62","02"
"62","03"
"62","06"
"62","07"
"62","12"
"63","02"
"63","03"
"63","06"
"63","07"
"63","12"
"64","02"
"64","03"
"64","06"
"64","07"
"64","12"
"65","02"
"65","03"
"65","06"
"65","07"
"65","12"
"66","02"
"66","03"
"66","06"
"66","07"
"66","12"
"67","02"
"67","03"
"67","06"
"67","07"
"67","12"
"68","02"
"68","03"
"68","06"
"68","07"
"68","12"
"69","02"
"69","06"
"69","07"
"69","12"
"70","02"
"70","06"
"70","07"
"70","12"
"71","02"
"71","06"
"71","07"
"71","12"
"72","02"
"72","06"
"72","07"
"72","12"
"73","02"
"73","06"
"73","07"
"73","12"
"74","02"
"74","06"
"74","07"
"74","12"
"75","02"
"75","03"
"75","06"
"75","07"
"75","12"
"76","02"
"76","03"
"76","06"
"76","07"
"76","12"
"77","02"
"77","06"
"77","07"
"77","12"
"78","02"
"78","06"
"78","07"
"78","12"
"79","02"
"79","03"
"79","06"
"79","07"
"79","12"
"80","02"
"80","03"
"80","06"
"80","07"
"80","12"
"81","02"
"81","03"
"81","06"
"81","07"
"81","12"
"82","02"
"82","06"
"82","07"
"82","12"
"83","02"
"83","06"
"83","07"
"83","12"
"84","02"
"84","06"
"84","07"
"84","12"
"85","02"
"85","06"
"85","07"
"85","12"
"86","02"
"86","06"
"86","07"
"86","12"
"87","02"
"87","06"
"87","07"
"87","12"
"88","02"
"88","03"
"88","06"
"88","12"
"88","44"
"89","02"
"89","03"
"89","06"
"89","12"
"89","44"
"90","02"
"90","03"
"90","06"
"90","12"
"90","44"
"91","02"
"91","03"
"91","06"
"91","12"
"91","44"
"92","02"
"92","03"
"92","06"
"92","12"
"92","44"
"93","02"
"93","03"
"93","06"
"93","12"
"93","44"
"94","02"
"94","03"
"94","06"
"94","12"
"94","44"
"95","02"
"95","03"
"95","06"
"95","12"
"95","44"
"96","02"
"96","03"
"96","06"
"96","12"
"96","44"
"97","02"
"97","03"
"97","06"
"97","12"
"97","44"
"98","02"
"98","03"
"98","06"
"98","12"
"98","44"
"99","02"
"99","03"
"99","06"
"99","12"
"99","44"
"100","02"
"100","03"
"100","06"
"100","12"
"100","44"
"101","02"
"101","03"
"101","06"
"101","12"
"101","44"
"102","02"
"102","03"
"102","06"
"102","12"
"102","44"
"103","02"
"103","03"
"103","06"
"103","12"
"103","44"
"104","02"
"104","03"
"104","06"
"104","12"
"104","44"
"105","02"
"105","03"
"105","06"
"105","12"
"105","44"
"106","02"
"106","03"
"106","06"
"106","12"
"106","44"
"107","02"
"107","03"
"107","06"
"107","12"
"107","44"
"108","02"
"108","03"
"108","06"
"108","12"
"108","44"
"109","02"
"109","03"
"109","06"
"109","12"
"109","44"
"110","02"
"110","03"
"110","06"
"110","12"
"110","44"
"111","02"
"111","03"
"111","06"
"111","07"
"111","08"
"111","12"
"111","44"
"112","02"
"112","03"
"112","06"
"112","07"
"112","08"
"112","12"
"112","44"
"113","02"
"113","03"
"113","06"
"113","07"
"113","08"
"113","12"
"113","44"
"114","02"
"114","03"
"114","06"
"114","07"
"114","08"
"114","12"
"114","44"
"115","02"
"115","03"
"115","06"
"115","07"
"115","12"
"115","44"
"116","02"
"116","03"
"116","06"
"116","07"
"116","12"
"116","44"
"117","02"
"117","03"
"117","06"
"117","07"
"117","12"
"117","44"
"118","02"
"118","03"
"118","06"
"118","07"
"118","12"
"118","44"
"119","02"
"119","03"
"119","05"
"119","06"
"119","07"
"119","12"
"119","44"
"120","02"
"120","03"
"120","06"
"120","07"
"120","12"
"120","44"
"121","02"
"121","03"
"121","05"
"121","06"
"121","07"
"121","12"
"121","44"
"122","02"
"122","03"
"122","06"
"122","07"
"122","12"
"122","44"
"123","02"
"123","03"
"123","06"
"123","07"
"123","12"
"123","44"
"124","02"
"124","03"
"124","06"
"124","07"
"124","12"
"124","44"
"125","02"
"125","03"
"125","06"
"125","07"
"125","12"
"125","44"
"126","02"
"126","03"
"126","06"
"126","07"
"126","12"
"126","44"
"127","02"
"127","03"
"127","06"
"127","07"
"127","12"
"127","44"
"128","02"
"128","03"
"128","06"
"128","07"
"128","12"
"128","44"
"129","02"
"129","03"
"129","06"
"129","07"
"129","12"
"129","44"
"130","02"
"130","03"
"130","06"
"130","07"
"130","12"
"130","44"
"131","02"
"131","03"
"131","06"
"131","07"
"131","12"
"131","44"
"132","02"
"132","03"
"132","06"
"132","07"
"132","12"
"132","44"
"133","02"
"133","03"
"133","06"
"133","07"
"133","12"
"133","44"
"134","02"
"134","03"
"134","06"
"134","07"
"134","12"
"134","44"
"135","02"
"135","03"
"135","05"
"135","06"
"135","07"
"135","12"
"135","44"
"136","02"
"136","03"
"136","06"
"136","07"
"136","12"
"136","44"
"137","02"
"137","03"
"137","06"
"137","07"
"137","12"
"137","44"
"138","02"
"138","03"
"138","06"
"138","07"
"138","08"
"138","12"
"138","44"
"139","02"
"139","03"
"139","04"
"139","06"
"139","12"
"139","44"
"140","02"
"140","03"
"140","04"
"140","06"
"140","12"
"140","44"
"141","02"
"141","03"
"141","04"
"141","06"
"141","12"
"141","44"
"142","03"
"142","04"
"142","06"
"142","13"
"143","03"
"143","04"
"143","06"
"143","13"
"144","03"
"144","04"
"144","06"
"144","13"
"145","03"
"145","04"
"145","06"
"145","13"
"157","02"
"157","03"
"157","06"
"157","12"
"157","43"
