"ID","ID_FLUSSO","ANNO_PRA","NUM_PRA","COD_NUC","PRG_NUC","DAT_ACQUISIZIONE_DOC","PERCORSO_DOC","DAT_POPOLA_PILOTA"
"179764","202411","2024","00067708","014305","1",,,"07/11/2024"
"179830","202411","2024","00067709","020297","1",,,"07/11/2024"
"180334","202411","2024","00067710","020278","1",,,"07/11/2024"
"177596","202411","2024","00067711","015140","1",,,"07/11/2024"
"178376","202411","2024","00067712","014860","1",,,"07/11/2024"
"180505","202411","2024","00067713","020282","1",,,"07/11/2024"
"180567","202411","2024","00067714","020281","1",,,"07/11/2024"
"179240","202411","2024","00067715","020375","1",,,"07/11/2024"
"179595","202411","2024","00067716","014713","1",,,"07/11/2024"
"179893","202411","2024","00067717","020317","1",,,"07/11/2024"
"180589","202411","2024","00067718","020288","1",,,"07/11/2024"
"176530","202411","2024","00067719","020265","1",,,"07/11/2024"
"176779","202411","2024","00067720","020267","1",,,"07/11/2024"
"177788","202411","2024","00067721","014474","1",,,"07/11/2024"
"178065","202411","2024","00067722","014335","1",,,"07/11/2024"
"180382","202411","2024","00067723","019458","1",,,"07/11/2024"
"180835","202411","2024","00067724","020345","1",,,"07/11/2024"
"177459","202411","2024","00067725","020311","1",,,"07/11/2024"
"178627","202411","2024","00067726","020287","1",,,"07/11/2024"
"177005","202411","2024","00067727","020325","1",,,"07/11/2024"
"179492","202411","2024","00067728","020318","1",,,"07/11/2024"
"180937","202411","2024","00067729","020268","1",,,"07/11/2024"
"181014","202411","2024","00067730","020331","1",,,"07/11/2024"
"179244","202411","2024","00067731","020285","1",,,"07/11/2024"
"176295","202411","2024","00067732","020269","1",,,"07/11/2024"
"176394","202411","2024","00067733","019858","1",,,"07/11/2024"
"181133","202411","2024","00067734","020338","1",,,"07/11/2024"
"176392","202411","2024","00067735","020273","1",,,"07/11/2024"
"176523","202411","2024","00067736","020377","1",,,"07/11/2024"
"176939","202411","2024","00067737","019508","1",,,"07/11/2024"
"177571","202411","2024","00067738","015199","1",,,"07/11/2024"
"177689","202411","2024","00067739","020357","1",,,"07/11/2024"
"179167","202411","2024","00067740","020354","1",,,"07/11/2024"
"180533","202411","2024","00067741","020297","1",,,"07/11/2024"
"181120","202411","2024","00067742","020337","1",,,"07/11/2024"
"181196","202411","2024","00067743","020373","1",,,"07/11/2024"
"166952","202411","2024","00067744","020356","1",,,"07/11/2024"
"177614","202411","2024","00067745","020279","1",,,"07/11/2024"
"179065","202411","2024","00067746","020300","1",,,"07/11/2024"
"180096","202411","2024","00067747","020317","1",,,"07/11/2024"
"180448","202411","2024","00067748","020319","1",,,"07/11/2024"
"180916","202411","2024","00067749","020313","1",,,"07/11/2024"
"180870","202411","2024","00067750","020333","1",,,"07/11/2024"
"178260","202411","2024","00067751","020325","1",,,"07/11/2024"
"176004","202411","2024","00067752","019878","1",,,"07/11/2024"
"176272","202411","2024","00067753","020352","1",,,"07/11/2024"
"179529","202411","2024","00067754","020276","1",,,"07/11/2024"
"180423","202411","2024","00067755","020290","1",,,"07/11/2024"
"180554","202411","2024","00067756","020341","1",,,"07/11/2024"
"181189","202411","2024","00067757","020373","1",,,"07/11/2024"
"178432","202411","2024","00067758","020372","1",,,"07/11/2024"
"181273","202412","2024","00078090","014863","1",,,"06/12/2024"
"181479","202412","2024","00078091","020273","1",,,"06/12/2024"
"182377","202412","2024","00078092","020564","1",,,"06/12/2024"
"182731","202412","2024","00078093","020576","1",,,"06/12/2024"
"182808","202412","2024","00078094","020552","1",,,"06/12/2024"
"183511","202412","2024","00078095","020525","1",,,"06/12/2024"
"181393","202412","2024","00078096","020607","1",,,"06/12/2024"
"182967","202412","2024","00078097","020628","1",,,"06/12/2024"
"183921","202412","2024","00078098","020520","1",,,"06/12/2024"
"183987","202412","2024","00078099","020636","1",,,"06/12/2024"
"182552","202412","2024","00078100","020568","1",,,"06/12/2024"
"182757","202412","2024","00078101","020565","1",,,"06/12/2024"
"183262","202412","2024","00078102","014510","1",,,"06/12/2024"
"183942","202412","2024","00078103","020615","1",,,"06/12/2024"
"175659","202412","2024","00078104","020507","1",,,"06/12/2024"
"180858","202412","2024","00078105","014790","1",,,"06/12/2024"
"182169","202412","2024","00078106","020587","1",,,"06/12/2024"
"181948","202412","2024","00078107","020503","1",,,"06/12/2024"
"183108","202412","2024","00078108","020521","1",,,"06/12/2024"
"183489","202412","2024","00078109","020591","1",,,"06/12/2024"
"184116","202412","2024","00078110","020493","1",,,"06/12/2024"
"184127","202412","2024","00078111","020544","1",,,"06/12/2024"
"182712","202412","2024","00078112","020632","1",,,"06/12/2024"
"182854","202412","2024","00078113","020584","1",,,"06/12/2024"
"183004","202412","2024","00078114","020491","1",,,"06/12/2024"
"183006","202412","2024","00078115","020491","1",,,"06/12/2024"
"183036","202412","2024","00078116","019488","1",,,"06/12/2024"
"183448","202412","2024","00078117","020317","1",,,"06/12/2024"
"183886","202412","2024","00078118","020511","1",,,"06/12/2024"
"181638","202412","2024","00078119","020299","1",,,"06/12/2024"
"181809","202412","2024","00078120","020276","1",,,"06/12/2024"
"181487","202412","2024","00078121","020575","1",,,"06/12/2024"
"181722","202412","2024","00078122","020609","1",,,"06/12/2024"
"181940","202412","2024","00078123","020600","1",,,"06/12/2024"
"182325","202412","2024","00078124","020547","1",,,"06/12/2024"
"182396","202412","2024","00078125","020500","1",,,"06/12/2024"
"182501","202412","2024","00078126","020621","1",,,"06/12/2024"
"182525","202412","2024","00078127","020614","1",,,"06/12/2024"
"182853","202412","2024","00078128","020630","1",,,"06/12/2024"
"183105","202412","2024","00078129","020542","1",,,"06/12/2024"
"183395","202412","2024","00078130","020590","1",,,"06/12/2024"
"183820","202412","2024","00078131","020634","1",,,"06/12/2024"
"183865","202412","2024","00078132","020487","1",,,"06/12/2024"
"182458","202412","2024","00078133","020515","1",,,"06/12/2024"
"183932","202412","2024","00078134","020523","1",,,"06/12/2024"
"181325","202412","2024","00078135","020588","1",,,"06/12/2024"
"181328","202412","2024","00078136","020588","1",,,"06/12/2024"
"181408","202412","2024","00078137","020540","1",,,"06/12/2024"
"182006","202412","2024","00078138","020582","1",,,"06/12/2024"
"182031","202412","2024","00078139","020553","1",,,"06/12/2024"
"182402","202412","2024","00078140","020562","1",,,"06/12/2024"
"183056","202412","2024","00078141","020631","1",,,"06/12/2024"
"181678","202412","2024","00078142","020361","1",,,"06/12/2024"
"181687","202412","2024","00078143","020619","1",,,"06/12/2024"
"181806","202412","2024","00078144","020496","1",,,"06/12/2024"
"181985","202412","2024","00078145","020534","1",,,"06/12/2024"
"183473","202412","2024","00078146","020549","1",,,"06/12/2024"
"183103","202412","2024","00078147","020618","1",,,"06/12/2024"
"183993","202412","2024","00078148","020495","1",,,"06/12/2024"
"181899","202412","2024","00078149","020577","1",,,"06/12/2024"
"182355","202412","2024","00078150","020583","1",,,"06/12/2024"
"182519","202412","2024","00078151","020541","1",,,"06/12/2024"
"182981","202412","2024","00078152","020612","1",,,"06/12/2024"
"183029","202412","2024","00078153","020527","1",,,"06/12/2024"
"183239","202412","2024","00078154","020486","1",,,"06/12/2024"
"183121","202412","2024","00078156","020571","1",,,"06/12/2024"
"181606","202412","2024","00078157","020555","1",,,"06/12/2024"
"181810","202412","2024","00078158","020504","1",,,"06/12/2024"
"182092","202412","2024","00078159","020539","1",,,"06/12/2024"
"182606","202412","2024","00078160","020533","1",,,"06/12/2024"
"183582","202412","2024","00078161","020518","1",,,"06/12/2024"
"183614","202412","2024","00078162","020603","1",,,"06/12/2024"
"182750","202412","2024","00078163","020516","1",,,"06/12/2024"
"183632","202412","2024","00078164","020594","1",,,"06/12/2024"
"183686","202412","2024","00078165","020610","1",,,"06/12/2024"
"184053","202412","2024","00078166","020535","1",,,"06/12/2024"
"182837","202412","2024","00078167","020537","1",,,"06/12/2024"
"183388","202412","2024","00078168","020590","1",,,"06/12/2024"
"183464","202412","2024","00078169","020327","1",,,"06/12/2024"
"183600","202412","2024","00078170","014741","1",,,"06/12/2024"
"183707","202412","2024","00078171","020563","1",,,"06/12/2024"
"179876","202411","2024","00067690","019264","1",,,"07/11/2024"
"178953","202411","2024","00067691","014540","1",,,"07/11/2024"
"177823","202411","2024","00067692","020359","1",,,"07/11/2024"
"179193","202411","2024","00067693","020339","1",,,"07/11/2024"
"181103","202411","2024","00067694","020284","1",,,"07/11/2024"
"166954","202411","2024","00067695","020368","1",,,"07/11/2024"
"176320","202411","2024","00067696","020302","1",,,"07/11/2024"
"177476","202411","2024","00067697","020312","1",,,"07/11/2024"
"177772","202411","2024","00067698","020298","1",,,"07/11/2024"
"179497","202411","2024","00067699","019862","1",,,"07/11/2024"
"180275","202411","2024","00067700","020314","1",,,"07/11/2024"
"178209","202411","2024","00067701","019638","1",,,"07/11/2024"
"178957","202411","2024","00067702","014540","1",,,"07/11/2024"
"179610","202411","2024","00067703","014711","1",,,"07/11/2024"
"176053","202411","2024","00067704","020293","1",,,"07/11/2024"
"177487","202411","2024","00067705","020378","1",,,"07/11/2024"
"177622","202411","2024","00067706","020279","1",,,"07/11/2024"
"179402","202411","2024","00067707","020349","1",,,"07/11/2024"
"180968","202411","2024","00067759","019246","1",,,"07/11/2024"
"176270","202411","2024","00067760","020292","1",,,"07/11/2024"
"176570","202411","2024","00067761","020332","1",,,"07/11/2024"
"176926","202411","2024","00067762","020272","1",,,"07/11/2024"
"177975","202411","2024","00067763","014768","1",,,"07/11/2024"
"180015","202411","2024","00067764","020266","1",,,"07/11/2024"
"181174","202411","2024","00067765","020275","1",,,"07/11/2024"
"176639","202411","2024","00067766","020286","1",,,"07/11/2024"
"178211","202411","2024","00067767","019638","1",,,"07/11/2024"
"178212","202411","2024","00067768","019638","1",,,"07/11/2024"
"180441","202411","2024","00067769","020274","1",,,"07/11/2024"
"176442","202411","2024","00067770","019616","1",,,"07/11/2024"
"177467","202411","2024","00067771","020315","1",,,"07/11/2024"
"179181","202411","2024","00067772","020361","1",,,"07/11/2024"
"179850","202411","2024","00067773","020308","1",,,"07/11/2024"
"180372","202411","2024","00067774","020344","1",,,"07/11/2024"
"181137","202411","2024","00067775","020346","1",,,"07/11/2024"
"178254","202411","2024","00067776","020309","1",,,"07/11/2024"
"178294","202411","2024","00067777","020347","1",,,"07/11/2024"
"176601","202411","2024","00067778","020348","1",,,"07/11/2024"
"178229","202411","2024","00067779","020323","1",,,"07/11/2024"
"179050","202411","2024","00067780","020280","1",,,"07/11/2024"
"180018","202411","2024","00067781","014432","1",,,"07/11/2024"
"180434","202411","2024","00067782","020321","1",,,"07/11/2024"
"176669","202411","2024","00067783","019812","1",,,"07/11/2024"
"177155","202411","2024","00067784","020330","1",,,"07/11/2024"
"177679","202411","2024","00067785","020271","1",,,"07/11/2024"
"178332","202411","2024","00067786","020351","1",,,"07/11/2024"
"179072","202411","2024","00067787","020360","1",,,"07/11/2024"
"179351","202411","2024","00067788","020327","1",,,"07/11/2024"
"179518","202411","2024","00067789","020374","1",,,"07/11/2024"
"180021","202411","2024","00067790","014768","1",,,"07/11/2024"
"180629","202411","2024","00067791","019543","1",,,"07/11/2024"
"180763","202411","2024","00067792","020366","1",,,"07/11/2024"
"178745","202411","2024","00067793","020376","1",,,"07/11/2024"
"178929","202411","2024","00067794","020363","1",,,"07/11/2024"
"176378","202411","2024","00067795","020328","1",,,"07/11/2024"
"179362","202411","2024","00067796","020369","1",,,"07/11/2024"
"180153","202411","2024","00067797","020355","1",,,"07/11/2024"
"180923","202411","2024","00067798","020294","1",,,"07/11/2024"
"180238","202411","2024","00067799","020299","1",,,"07/11/2024"
"179206","202411","2024","00067800","014860","1",,,"07/11/2024"
"180129","202411","2024","00067801","020329","1",,,"07/11/2024"
"172607","202411","2024","00067802","020306","1",,,"07/11/2024"
"172624","202411","2024","00067803","020324","1",,,"07/11/2024"
"176303","202411","2024","00067804","020342","1",,,"07/11/2024"
"176335","202411","2024","00067805","019856","1",,,"07/11/2024"
"177874","202411","2024","00067806","020307","1",,,"07/11/2024"
"178489","202411","2024","00067807","020353","1",,,"07/11/2024"
"179712","202411","2024","00067808","020367","1",,,"07/11/2024"
"179859","202411","2024","00067809","020301","1",,,"07/11/2024"
"180653","202411","2024","00067810","020358","1",,,"07/11/2024"
"177437","202411","2024","00067811","020340","1",,,"07/11/2024"
"176070","202411","2024","00067812","020364","1",,,"07/11/2024"
"176317","202411","2024","00067813","020342","1",,,"07/11/2024"
"176847","202411","2024","00067814","020362","1",,,"07/11/2024"
"178066","202411","2024","00067815","020277","1",,,"07/11/2024"
"181081","202411","2024","00067816","020264","1",,,"07/11/2024"
"181071","202411","2024","00067817","020305","1",,,"07/11/2024"
"176973","202411","2024","00067818","020296","1",,,"07/11/2024"
"178144","202411","2024","00067819","020350","1",,,"07/11/2024"
"179548","202411","2024","00067820","020326","1",,,"07/11/2024"
"179699","202411","2024","00067821","020303","1",,,"07/11/2024"
"181080","202411","2024","00067822","020365","1",,,"07/11/2024"
"176699","202411","2024","00067823","020291","1",,,"07/11/2024"
"178832","202411","2024","00067824","020283","1",,,"07/11/2024"
"179146","202411","2024","00067825","019536","1",,,"07/11/2024"
"179177","202411","2024","00067826","020320","1",,,"07/11/2024"
"176507","202411","2024","00067827","020289","1",,,"07/11/2024"
"176839","202411","2024","00067828","014681","1",,,"07/11/2024"
"179642","202411","2024","00067829","014698","1",,,"07/11/2024"
"179796","202411","2024","00067830","020336","1",,,"07/11/2024"
"179823","202411","2024","00067831","019816","1",,,"07/11/2024"
"181260","202411","2024","00067832","020335","1",,,"07/11/2024"
"179803","202411","2024","00067833","014691","1",,,"07/11/2024"
"180260","202411","2024","00067834","020371","1",,,"07/11/2024"
"176461","202411","2024","00067835","020295","1",,,"07/11/2024"
"180476","202411","2024","00067836","020270","1",,,"07/11/2024"
"178596","202411","2024","00067837","020310","1",,,"07/11/2024"
"179598","202411","2024","00067838","020304","1",,,"07/11/2024"
"177280","202411","2024","00067839","020316","1",,,"07/11/2024"
"178201","202411","2024","00067840","020377","1",,,"07/11/2024"
"181634","202412","2024","00078172","020299","1",,,"06/12/2024"
"181804","202412","2024","00078173","020504","1",,,"06/12/2024"
"182265","202412","2024","00078174","014711","1",,,"06/12/2024"
"182266","202412","2024","00078175","014711","1",,,"06/12/2024"
"183346","202412","2024","00078176","015131","1",,,"06/12/2024"
"183408","202412","2024","00078177","020498","1",,,"06/12/2024"
"183641","202412","2024","00078178","020280","1",,,"06/12/2024"
"183760","202412","2024","00078179","020597","1",,,"06/12/2024"
"183690","202412","2024","00078180","020581","1",,,"06/12/2024"
"183549","202412","2024","00078181","020531","1",,,"06/12/2024"
"183636","202412","2024","00078182","020524","1",,,"06/12/2024"
"183726","202412","2024","00078183","020573","1",,,"06/12/2024"
"185441","202501","2024","00086700","014321","1",,,"08/01/2025"
"185512","202501","2024","00086701","021303","1",,,"08/01/2025"
"185728","202501","2024","00086702","021312","1",,,"08/01/2025"
"185759","202501","2024","00086703","021339","1",,,"08/01/2025"
"184289","202501","2024","00086704","021349","1",,,"08/01/2025"
"185661","202501","2024","00086705","014781","1",,,"08/01/2025"
"185811","202501","2024","00086706","021296","1",,,"08/01/2025"
"185815","202501","2024","00086707","021296","1",,,"08/01/2025"
"186145","202501","2024","00086708","021331","1",,,"08/01/2025"
"186411","202501","2024","00086709","021308","1",,,"08/01/2025"
"185301","202501","2024","00086710","021370","1",,,"08/01/2025"
"185742","202501","2024","00086711","021299","1",,,"08/01/2025"
"184482","202501","2024","00086712","021318","1",,,"08/01/2025"
"184553","202501","2024","00086713","020342","1",,,"08/01/2025"
"184894","202501","2024","00086714","021363","1",,,"08/01/2025"
"185860","202501","2024","00086715","021289","1",,,"08/01/2025"
"186154","202501","2024","00086716","021314","1",,,"08/01/2025"
"186187","202501","2024","00086717","021357","1",,,"08/01/2025"
"186195","202501","2024","00086718","021359","1",,,"08/01/2025"
"186599","202501","2024","00086719","021334","1",,,"08/01/2025"
"186890","202501","2024","00086720","021348","1",,,"08/01/2025"
"184544","202501","2024","00086721","021377","1",,,"08/01/2025"
"186640","202501","2024","00086722","014913","1",,,"08/01/2025"
"186643","202501","2024","00086723","014913","1",,,"08/01/2025"
"184267","202501","2024","00086724","021367","1",,,"08/01/2025"
"184371","202501","2024","00086725","021333","1",,,"08/01/2025"
"185717","202501","2024","00086726","021304","1",,,"08/01/2025"
"184559","202501","2024","00086727","021309","1",,,"08/01/2025"
"186155","202501","2024","00086728","014939","1",,,"08/01/2025"
"186284","202501","2024","00086729","021315","1",,,"08/01/2025"
"185785","202501","2024","00086730","019809","1",,,"08/01/2025"
"185818","202501","2024","00086731","021296","1",,,"08/01/2025"
"186111","202501","2024","00086732","020595","1",,,"08/01/2025"
"186824","202501","2024","00086733","021360","1",,,"08/01/2025"
"182319","202501","2024","00086734","021335","1",,,"08/01/2025"
"184496","202501","2024","00086735","021341","1",,,"08/01/2025"
"184816","202501","2024","00086736","021375","1",,,"08/01/2025"
"184966","202501","2024","00086737","021293","1",,,"08/01/2025"
"185750","202501","2024","00086738","019488","1",,,"08/01/2025"
"185817","202501","2024","00086739","021287","1",,,"08/01/2025"
"184311","202501","2024","00086740","021291","1",,,"08/01/2025"
"186668","202501","2024","00086741","021322","1",,,"08/01/2025"
"185774","202501","2024","00086742","021329","1",,,"08/01/2025"
"184738","202501","2024","00086743","021319","1",,,"08/01/2025"
"184832","202501","2024","00086744","021358","1",,,"08/01/2025"
"185872","202501","2024","00086745","021325","1",,,"08/01/2025"
"184454","202501","2024","00086746","021338","1",,,"08/01/2025"
"184557","202501","2024","00086747","021324","1",,,"08/01/2025"
"185068","202501","2024","00086748","021330","1",,,"08/01/2025"
"185231","202501","2024","00086749","021290","1",,,"08/01/2025"
"185668","202501","2024","00086750","021292","1",,,"08/01/2025"
"186323","202501","2024","00086751","019518","1",,,"08/01/2025"
"184368","202501","2024","00086752","020492","1",,,"08/01/2025"
"186147","202501","2024","00086753","021352","1",,,"08/01/2025"
"184358","202501","2024","00086754","021305","1",,,"08/01/2025"
"184500","202501","2024","00086755","021341","1",,,"08/01/2025"
"185305","202501","2024","00086756","021302","1",,,"08/01/2025"
"185313","202501","2024","00086757","020377","1",,,"08/01/2025"
"185903","202501","2024","00086758","021282","1",,,"08/01/2025"
"185941","202501","2024","00086759","021332","1",,,"08/01/2025"
"186001","202501","2024","00086760","019884","1",,,"08/01/2025"
"184670","202501","2024","00086761","021281","1",,,"08/01/2025"
"184279","202501","2024","00086762","014476","1",,,"08/01/2025"
"184898","202501","2024","00086763","021286","1",,,"08/01/2025"
"185438","202501","2024","00086764","021345","1",,,"08/01/2025"
"186004","202501","2024","00086765","021288","1",,,"08/01/2025"
"186311","202501","2024","00086766","021297","1",,,"08/01/2025"
"186334","202501","2024","00086767","021376","1",,,"08/01/2025"
"186662","202501","2024","00086768","021350","1",,,"08/01/2025"
"184550","202501","2024","00086769","021343","1",,,"08/01/2025"
"184965","202501","2024","00086770","021364","1",,,"08/01/2025"
"185949","202501","2024","00086771","019875","1",,,"08/01/2025"
"186316","202501","2024","00086772","019518","1",,,"08/01/2025"
"184406","202501","2024","00086773","021374","1",,,"08/01/2025"
"185714","202501","2024","00086774","021369","1",,,"08/01/2025"
"185769","202501","2024","00086775","019464","1",,,"08/01/2025"
"185805","202501","2024","00086776","021344","1",,,"08/01/2025"
"186806","202501","2024","00086777","021294","1",,,"08/01/2025"
"184242","202501","2024","00086778","021373","1",,,"08/01/2025"
"184523","202501","2024","00086779","021342","1",,,"08/01/2025"
"184662","202501","2024","00086780","014785","1",,,"08/01/2025"
"184277","202501","2024","00086781","019901","1",,,"08/01/2025"
"186156","202501","2024","00086782","014939","1",,,"08/01/2025"
"184334","202501","2024","00086783","021285","1",,,"08/01/2025"
"184839","202501","2024","00086784","019658","1",,,"08/01/2025"
"185074","202501","2024","00086785","021330","1",,,"08/01/2025"
"185325","202501","2024","00086786","019544","1",,,"08/01/2025"
"185420","202501","2024","00086787","021295","1",,,"08/01/2025"
"185606","202501","2024","00086788","021365","1",,,"08/01/2025"
"185691","202501","2024","00086789","021346","1",,,"08/01/2025"
"186026","202501","2024","00086790","014863","1",,,"08/01/2025"
"186034","202501","2024","00086791","021316","1",,,"08/01/2025"
"186095","202501","2024","00086792","021368","1",,,"08/01/2025"
"186465","202501","2024","00086793","021313","1",,,"08/01/2025"
"186786","202501","2024","00086794","021313","1",,,"08/01/2025"
"184318","202501","2024","00086795","021280","1",,,"08/01/2025"
"184592","202501","2024","00086796","020319","1",,,"08/01/2025"
"186031","202501","2024","00086797","021320","1",,,"08/01/2025"
"186665","202501","2024","00086798","021350","1",,,"08/01/2025"
"184563","202501","2024","00086799","021343","1",,,"08/01/2025"
"184938","202501","2024","00086800","019852","1",,,"08/01/2025"
"185197","202501","2024","00086801","021310","1",,,"08/01/2025"
"185410","202501","2024","00086802","021328","1",,,"08/01/2025"
"184205","202501","2024","00086803","021317","1",,,"08/01/2025"
"184239","202501","2024","00086804","021354","1",,,"08/01/2025"
"184296","202501","2024","00086805","021361","1",,,"08/01/2025"
"186104","202501","2024","00086806","021323","1",,,"08/01/2025"
"184597","202501","2024","00086807","021356","1",,,"08/01/2025"
"186304","202501","2024","00086808","021321","1",,,"08/01/2025"
"183266","202501","2024","00086809","014510","1",,,"08/01/2025"
"184566","202501","2024","00086810","021343","1",,,"08/01/2025"
"184721","202501","2024","00086811","019674","1",,,"08/01/2025"
"184947","202501","2024","00086812","019852","1",,,"08/01/2025"
"185265","202501","2024","00086813","014741","1",,,"08/01/2025"
"186112","202501","2024","00086814","021300","1",,,"08/01/2025"
"186642","202501","2024","00086815","014913","1",,,"08/01/2025"
"184336","202501","2024","00086816","021355","1",,,"08/01/2025"
"184729","202501","2024","00086817","021351","1",,,"08/01/2025"
"184863","202501","2024","00086818","021311","1",,,"08/01/2025"
"185923","202501","2024","00086819","021347","1",,,"08/01/2025"
"185976","202501","2024","00086820","021337","1",,,"08/01/2025"
"186827","202501","2024","00086821","021360","1",,,"08/01/2025"
"186083","202501","2024","00086822","021306","1",,,"08/01/2025"
"186101","202501","2024","00086823","021298","1",,,"08/01/2025"
"186161","202501","2024","00086824","021307","1",,,"08/01/2025"
"169880","202501","2024","00086825","019668","1",,,"08/01/2025"
"184469","202501","2024","00086826","021336","1",,,"08/01/2025"
"184599","202501","2024","00086827","020634","1",,,"08/01/2025"
"184710","202501","2024","00086828","020538","1",,,"08/01/2025"
"184770","202501","2024","00086829","014715","1",,,"08/01/2025"
"185090","202501","2024","00086830","019228","1",,,"08/01/2025"
"186039","202501","2024","00086831","020507","1",,,"08/01/2025"
"186644","202501","2024","00086832","014913","1",,,"08/01/2025"
"184677","202501","2024","00086833","021281","1",,,"08/01/2025"
"185226","202501","2024","00086834","021340","1",,,"08/01/2025"
"186051","202501","2024","00086835","014899","1",,,"08/01/2025"
"186094","202501","2024","00086836","021284","1",,,"08/01/2025"
"186761","202501","2024","00086837","015109","1",,,"08/01/2025"
"184320","202501","2024","00086838","021366","1",,,"08/01/2025"
"184994","202501","2024","00086839","021327","1",,,"08/01/2025"
"185507","202501","2024","00086840","021326","1",,,"08/01/2025"
"184424","202501","2024","00086841","020371","1",,,"08/01/2025"
"184551","202501","2024","00086842","014752","1",,,"08/01/2025"
"186635","202501","2024","00086843","014913","1",,,"08/01/2025"
"184259","202501","2024","00086844","021301","1",,,"08/01/2025"
"184342","202501","2024","00086845","021353","1",,,"08/01/2025"
"185602","202501","2024","00086846","021283","1",,,"08/01/2025"
"185609","202501","2024","00086847","021365","1",,,"08/01/2025"
"185809","202501","2024","00086848","014734","1",,,"08/01/2025"
"182438","202501","2024","00086849","021362","1",,,"08/01/2025"
"184281","202501","2024","00086850","021372","1",,,"08/01/2025"
"184383","202501","2024","00086851","021371","1",,,"08/01/2025"
"171122","202410","2024","00059757","019347","1",,,"10/10/2024"
"171128","202410","2024","00059758","019347","1",,,"10/10/2024"
"170953","202410","2024","00059759","019894","1",,,"10/10/2024"
"172052","202410","2024","00059760","019886","1",,,"10/10/2024"
"170369","202410","2024","00059761","019843","1",,,"10/10/2024"
"170547","202410","2024","00059762","015082","1",,,"10/10/2024"
"171698","202410","2024","00059763","019832","1",,,"10/10/2024"
"169572","202410","2024","00059764","019884","1",,,"10/10/2024"
"171461","202410","2024","00059765","019854","1",,,"10/10/2024"
"172437","202410","2024","00059766","019811","1",,,"10/10/2024"
"170541","202410","2024","00059767","019856","1",,,"10/10/2024"
"170931","202410","2024","00059768","019817","1",,,"10/10/2024"
"171144","202410","2024","00059769","019845","1",,,"10/10/2024"
"173479","202410","2024","00059770","015128","1",,,"10/10/2024"
"175438","202410","2024","00059771","019823","1",,,"10/10/2024"
"175450","202410","2024","00059772","014545","1",,,"10/10/2024"
"175468","202410","2024","00059773","019805","1",,,"10/10/2024"
"170542","202410","2024","00059774","019911","1",,,"10/10/2024"
"171130","202410","2024","00059775","019347","1",,,"10/10/2024"
"170549","202410","2024","00059776","019806","1",,,"10/10/2024"
"172011","202410","2024","00059777","019881","1",,,"10/10/2024"
"174597","202410","2024","00059778","015074","1",,,"10/10/2024"
"175447","202410","2024","00059779","019813","1",,,"10/10/2024"
"175684","202410","2024","00059780","019836","1",,,"10/10/2024"
"168421","202410","2024","00059781","014802","1",,,"10/10/2024"
"170011","202410","2024","00059782","019531","1",,,"10/10/2024"
"170387","202410","2024","00059783","019864","1",,,"10/10/2024"
"170859","202410","2024","00059784","019846","1",,,"10/10/2024"
"170895","202410","2024","00059785","019885","1",,,"10/10/2024"
"170925","202410","2024","00059786","019817","1",,,"10/10/2024"
"170926","202410","2024","00059787","019895","1",,,"10/10/2024"
"167501","202410","2024","00059788","019237","1",,,"10/10/2024"
"172263","202410","2024","00059789","019666","1",,,"10/10/2024"
"172003","202410","2024","00059790","019800","1",,,"10/10/2024"
"173373","202410","2024","00059791","019822","1",,,"10/10/2024"
"174149","202410","2024","00059792","014884","1",,,"10/10/2024"
"174978","202410","2024","00059793","014307","1",,,"10/10/2024"
"170626","202410","2024","00059794","019899","1",,,"10/10/2024"
"171131","202410","2024","00059795","019347","1",,,"10/10/2024"
"171864","202410","2024","00059796","019912","1",,,"10/10/2024"
"174034","202410","2024","00059797","019246","1",,,"10/10/2024"
"170358","202410","2024","00059798","019861","1",,,"10/10/2024"
"170372","202410","2024","00059799","019816","1",,,"10/10/2024"
"170937","202410","2024","00059800","019895","1",,,"10/10/2024"
"171003","202410","2024","00059801","019834","1",,,"10/10/2024"
"167896","202410","2024","00059802","019901","1",,,"10/10/2024"
"168372","202410","2024","00059803","019830","1",,,"10/10/2024"
"171293","202410","2024","00059804","019866","1",,,"10/10/2024"
"172855","202410","2024","00059805","019842","1",,,"10/10/2024"
"172921","202410","2024","00059806","019880","1",,,"10/10/2024"
"175627","202410","2024","00059807","019814","1",,,"10/10/2024"
"170749","202410","2024","00059808","019910","1",,,"10/10/2024"
"171073","202410","2024","00059809","014334","1",,,"10/10/2024"
"161336","202410","2024","00059810","019350","1",,,"10/10/2024"
"171675","202410","2024","00059811","019876","1",,,"10/10/2024"
"173264","202410","2024","00059812","019913","1",,,"10/10/2024"
"173320","202410","2024","00059813","019844","1",,,"10/10/2024"
"169795","202410","2024","00059814","019905","1",,,"10/10/2024"
"167493","202410","2024","00059815","019863","1",,,"10/10/2024"
"169774","202410","2024","00059816","019835","1",,,"10/10/2024"
"169945","202410","2024","00059817","019852","1",,,"10/10/2024"
"172950","202410","2024","00059818","019847","1",,,"10/10/2024"
"175223","202410","2024","00059819","019883","1",,,"10/10/2024"
"175412","202410","2024","00059820","019859","1",,,"10/10/2024"
"171123","202410","2024","00059821","019820","1",,,"10/10/2024"
"168075","202410","2024","00059822","015090","1",,,"10/10/2024"
"174686","202410","2024","00059823","019877","1",,,"10/10/2024"
"175196","202410","2024","00059824","019858","1",,,"10/10/2024"
"172026","202410","2024","00059825","019810","1",,,"10/10/2024"
"173055","202410","2024","00059826","019807","1",,,"10/10/2024"
"173474","202410","2024","00059827","019827","1",,,"10/10/2024"
"172651","202410","2024","00059828","019825","1",,,"10/10/2024"
"168881","202410","2024","00059829","019904","1",,,"10/10/2024"
"171640","202410","2024","00059830","019269","1",,,"10/10/2024"
"172748","202410","2024","00059831","014869","1",,,"10/10/2024"
"174692","202410","2024","00059832","019896","1",,,"10/10/2024"
"174740","202410","2024","00059833","019875","1",,,"10/10/2024"
"175474","202410","2024","00059834","019805","1",,,"10/10/2024"
"168458","202410","2024","00059835","019865","1",,,"10/10/2024"
"169746","202410","2024","00059836","019879","1",,,"10/10/2024"
"172226","202410","2024","00059837","019801","1",,,"10/10/2024"
"172769","202410","2024","00059838","015131","1",,,"10/10/2024"
"172925","202410","2024","00059839","019855","1",,,"10/10/2024"
"173907","202410","2024","00059840","019878","1",,,"10/10/2024"
"175821","202410","2024","00059841","019890","1",,,"10/10/2024"
"168920","202410","2024","00059842","019898","1",,,"10/10/2024"
"169152","202410","2024","00059843","019860","1",,,"10/10/2024"
"170298","202410","2024","00059844","019871","1",,,"10/10/2024"
"170357","202410","2024","00059845","019303","1",,,"10/10/2024"
"172248","202410","2024","00059846","014432","1",,,"10/10/2024"
"173912","202410","2024","00059847","015109","1",,,"10/10/2024"
"167180","202410","2024","00059848","019907","1",,,"10/10/2024"
"169489","202410","2024","00059849","019849","1",,,"10/10/2024"
"172010","202410","2024","00059850","019815","1",,,"10/10/2024"
"172491","202410","2024","00059851","014527","1",,,"10/10/2024"
"173070","202410","2024","00059852","019802","1",,,"10/10/2024"
"173736","202410","2024","00059853","019839","1",,,"10/10/2024"
"174257","202410","2024","00059854","019909","1",,,"10/10/2024"
"169224","202410","2024","00059855","019804","1",,,"10/10/2024"
"169721","202410","2024","00059856","019827","1",,,"10/10/2024"
"169929","202410","2024","00059857","019887","1",,,"10/10/2024"
"170743","202410","2024","00059858","019897","1",,,"10/10/2024"
"174032","202410","2024","00059859","019906","1",,,"10/10/2024"
"174646","202410","2024","00059860","019902","1",,,"10/10/2024"
"171612","202410","2024","00059861","019900","1",,,"10/10/2024"
"172203","202410","2024","00059862","019828","1",,,"10/10/2024"
"172421","202410","2024","00059863","019851","1",,,"10/10/2024"
"174987","202410","2024","00059864","019853","1",,,"10/10/2024"
"175402","202410","2024","00059865","019872","1",,,"10/10/2024"
"166474","202410","2024","00059866","019837","1",,,"10/10/2024"
"168644","202410","2024","00059867","019892","1",,,"10/10/2024"
"168877","202410","2024","00059868","019848","1",,,"10/10/2024"
"172936","202410","2024","00059869","019254","1",,,"10/10/2024"
"172952","202410","2024","00059870","019819","1",,,"10/10/2024"
"173112","202410","2024","00059871","019636","1",,,"10/10/2024"
"174228","202410","2024","00059872","019517","1",,,"10/10/2024"
"171133","202410","2024","00059873","019347","1",,,"10/10/2024"
"168594","202410","2024","00059874","019867","1",,,"10/10/2024"
"169717","202410","2024","00059875","019803","1",,,"10/10/2024"
"171430","202410","2024","00059876","019862","1",,,"10/10/2024"
"172502","202410","2024","00059877","019831","1",,,"10/10/2024"
"172811","202410","2024","00059878","019873","1",,,"10/10/2024"
"172893","202410","2024","00059879","014777","1",,,"10/10/2024"
"173487","202410","2024","00059880","019888","1",,,"10/10/2024"
"175877","202410","2024","00059881","019891","1",,,"10/10/2024"
"168609","202410","2024","00059882","019893","1",,,"10/10/2024"
"170352","202410","2024","00059883","019874","1",,,"10/10/2024"
"170380","202410","2024","00059884","019868","1",,,"10/10/2024"
"170389","202410","2024","00059885","019864","1",,,"10/10/2024"
"170809","202410","2024","00059886","019914","1",,,"10/10/2024"
"172017","202410","2024","00059887","019838","1",,,"10/10/2024"
"172886","202410","2024","00059888","019798","1",,,"10/10/2024"
"168080","202410","2024","00059889","015090","1",,,"10/10/2024"
"168795","202410","2024","00059890","019824","1",,,"10/10/2024"
"172285","202410","2024","00059891","019908","1",,,"10/10/2024"
"166906","202410","2024","00059892","019621","1",,,"10/10/2024"
"171582","202410","2024","00059893","019818","1",,,"10/10/2024"
"172085","202410","2024","00059894","019840","1",,,"10/10/2024"
"173716","202410","2024","00059895","019870","1",,,"10/10/2024"
"175551","202410","2024","00059896","019808","1",,,"10/10/2024"
"168085","202410","2024","00059897","014691","1",,,"10/10/2024"
"170797","202410","2024","00059898","019841","1",,,"10/10/2024"
"172006","202410","2024","00059899","019869","1",,,"10/10/2024"
"168272","202410","2024","00059900","019829","1",,,"10/10/2024"
"168513","202410","2024","00059901","014519","1",,,"10/10/2024"
"169749","202410","2024","00059902","019879","1",,,"10/10/2024"
"170697","202410","2024","00059903","019889","1",,,"10/10/2024"
"170943","202410","2024","00059904","019812","1",,,"10/10/2024"
"172184","202410","2024","00059905","019799","1",,,"10/10/2024"
"172711","202410","2024","00059906","019903","1",,,"10/10/2024"
"172761","202410","2024","00059907","019821","1",,,"10/10/2024"
"169877","202410","2024","00059908","019857","1",,,"10/10/2024"
"170602","202410","2024","00059909","019882","1",,,"10/10/2024"
"173408","202410","2024","00059910","019809","1",,,"10/10/2024"
"174588","202410","2024","00059911","019833","1",,,"10/10/2024"
"172573","202410","2024","00059912","019826","1",,,"10/10/2024"
"172664","202410","2024","00059913","019850","1",,,"10/10/2024"
"179282","202411","2024","00067684","020370","1",,,"07/11/2024"
"176862","202411","2024","00067685","020275","1",,,"07/11/2024"
"177049","202411","2024","00067686","020343","1",,,"07/11/2024"
"179489","202411","2024","00067687","020322","1",,,"07/11/2024"
"179536","202411","2024","00067688","019658","1",,,"07/11/2024"
"179868","202411","2024","00067689","020334","1",,,"07/11/2024"
"181811","202412","2024","00077990","020602","1",,,"06/12/2024"
"182346","202412","2024","00077991","020501","1",,,"06/12/2024"
"182359","202412","2024","00077992","020550","1",,,"06/12/2024"
"181819","202412","2024","00077993","019649","1",,,"06/12/2024"
"183708","202412","2024","00077994","020288","1",,,"06/12/2024"
"183757","202412","2024","00077995","020611","1",,,"06/12/2024"
"184026","202412","2024","00077996","020530","1",,,"06/12/2024"
"182991","202412","2024","00077997","020538","1",,,"06/12/2024"
"184083","202412","2024","00077998","020543","1",,,"06/12/2024"
"183316","202412","2024","00077999","020509","1",,,"06/12/2024"
"183758","202412","2024","00078000","020519","1",,,"06/12/2024"
"184160","202412","2024","00078001","020497","1",,,"06/12/2024"
"181312","202412","2024","00078002","019874","1",,,"06/12/2024"
"181485","202412","2024","00078003","020585","1",,,"06/12/2024"
"182046","202412","2024","00078004","020536","1",,,"06/12/2024"
"183285","202412","2024","00078005","020603","1",,,"06/12/2024"
"183327","202412","2024","00078006","020592","1",,,"06/12/2024"
"181661","202412","2024","00078007","020271","1",,,"06/12/2024"
"182045","202412","2024","00078008","020494","1",,,"06/12/2024"
"181633","202412","2024","00078009","020528","1",,,"06/12/2024"
"182601","202412","2024","00078010","014338","1",,,"06/12/2024"
"182721","202412","2024","00078011","020570","1",,,"06/12/2024"
"183209","202412","2024","00078012","020625","1",,,"06/12/2024"
"182714","202412","2024","00078013","020578","1",,,"06/12/2024"
"182792","202412","2024","00078014","020604","1",,,"06/12/2024"
"182984","202412","2024","00078015","020548","1",,,"06/12/2024"
"183235","202412","2024","00078016","020627","1",,,"06/12/2024"
"182262","202412","2024","00078017","014711","1",,,"06/12/2024"
"184013","202412","2024","00078018","020599","1",,,"06/12/2024"
"182387","202412","2024","00078019","020593","1",,,"06/12/2024"
"182819","202412","2024","00078020","020567","1",,,"06/12/2024"
"183048","202412","2024","00078021","020529","1",,,"06/12/2024"
"183273","202412","2024","00078022","020551","1",,,"06/12/2024"
"183442","202412","2024","00078023","020522","1",,,"06/12/2024"
"183276","202412","2024","00078024","020624","1",,,"06/12/2024"
"183389","202412","2024","00078025","020601","1",,,"06/12/2024"
"183452","202412","2024","00078026","020626","1",,,"06/12/2024"
"182948","202412","2024","00078027","020546","1",,,"06/12/2024"
"183885","202412","2024","00078028","020613","1",,,"06/12/2024"
"178735","202412","2024","00078029","020506","1",,,"06/12/2024"
"181469","202412","2024","00078030","020512","1",,,"06/12/2024"
"182313","202412","2024","00078031","020574","1",,,"06/12/2024"
"184159","202412","2024","00078032","020497","1",,,"06/12/2024"
"182534","202412","2024","00078033","019617","1",,,"06/12/2024"
"182571","202412","2024","00078034","020559","1",,,"06/12/2024"
"182972","202412","2024","00078035","020629","1",,,"06/12/2024"
"183328","202412","2024","00078036","020605","1",,,"06/12/2024"
"183580","202412","2024","00078037","020596","1",,,"06/12/2024"
"182743","202412","2024","00078038","020561","1",,,"06/12/2024"
"182962","202412","2024","00078039","020628","1",,,"06/12/2024"
"182969","202412","2024","00078040","019237","1",,,"06/12/2024"
"182985","202412","2024","00078041","020580","1",,,"06/12/2024"
"183091","202412","2024","00078042","020575","1",,,"06/12/2024"
"183410","202412","2024","00078043","020623","1",,,"06/12/2024"
"183588","202412","2024","00078044","020620","1",,,"06/12/2024"
"184084","202412","2024","00078045","020488","1",,,"06/12/2024"
"182156","202412","2024","00078046","020589","1",,,"06/12/2024"
"183488","202412","2024","00078047","020586","1",,,"06/12/2024"
"183633","202412","2024","00078048","020510","1",,,"06/12/2024"
"183647","202412","2024","00078049","020492","1",,,"06/12/2024"
"181445","202412","2024","00078050","020557","1",,,"06/12/2024"
"182112","202412","2024","00078051","020595","1",,,"06/12/2024"
"182751","202412","2024","00078052","020545","1",,,"06/12/2024"
"183019","202412","2024","00078053","020598","1",,,"06/12/2024"
"183681","202412","2024","00078054","020616","1",,,"06/12/2024"
"183728","202412","2024","00078055","020633","1",,,"06/12/2024"
"183943","202412","2024","00078056","020615","1",,,"06/12/2024"
"182161","202412","2024","00078057","020572","1",,,"06/12/2024"
"184122","202412","2024","00078058","015090","1",,,"06/12/2024"
"183645","202412","2024","00078059","020635","1",,,"06/12/2024"
"183554","202412","2024","00078060","020606","1",,,"06/12/2024"
"182267","202412","2024","00078061","014711","1",,,"06/12/2024"
"181345","202412","2024","00078062","020608","1",,,"06/12/2024"
"183643","202412","2024","00078063","020492","1",,,"06/12/2024"
"181951","202412","2024","00078064","020317","1",,,"06/12/2024"
"183038","202412","2024","00078065","020513","1",,,"06/12/2024"
"183133","202412","2024","00078066","020532","1",,,"06/12/2024"
"183517","202412","2024","00078067","020517","1",,,"06/12/2024"
"183743","202412","2024","00078068","020622","1",,,"06/12/2024"
"184049","202412","2024","00078069","020617","1",,,"06/12/2024"
"183754","202412","2024","00078070","020489","1",,,"06/12/2024"
"182533","202412","2024","00078071","020569","1",,,"06/12/2024"
"182806","202412","2024","00078072","020490","1",,,"06/12/2024"
"183020","202412","2024","00078073","020598","1",,,"06/12/2024"
"183809","202412","2024","00078074","020558","1",,,"06/12/2024"
"179863","202412","2024","00078075","020508","1",,,"06/12/2024"
"181692","202412","2024","00078076","020566","1",,,"06/12/2024"
"181800","202412","2024","00078077","020505","1",,,"06/12/2024"
"181908","202412","2024","00078078","020502","1",,,"06/12/2024"
"182444","202412","2024","00078079","020560","1",,,"06/12/2024"
"182701","202412","2024","00078080","020579","1",,,"06/12/2024"
"181418","202412","2024","00078081","020315","1",,,"06/12/2024"
"181462","202412","2024","00078082","020514","1",,,"06/12/2024"
"181599","202412","2024","00078083","015090","1",,,"06/12/2024"
"182088","202412","2024","00078084","020345","1",,,"06/12/2024"
"183348","202412","2024","00078085","020499","1",,,"06/12/2024"
"183907","202412","2024","00078086","020556","1",,,"06/12/2024"
"182879","202412","2024","00078087","020526","1",,,"06/12/2024"
"181639","202412","2024","00078088","020299","1",,,"06/12/2024"
"182550","202412","2024","00078089","020554","1",,,"06/12/2024"
"182333","202412","2024","00078155","019378","1",,,"06/12/2024"
"186035","202503","2024","00090843","032851","1",,,"29/03/2025"
"192430","202503","2024","00090844","032808","1",,,"29/03/2025"
"195872","202503","2025","00023445","032813","1",,,"29/03/2025"
"201127","202503","2025","00023446","019668","1",,,"29/03/2025"
"204176","202503","2025","00023447","032866","1",,,"29/03/2025"
"200269","202503","2024","00090845","032842","1",,,"29/03/2025"
"204220","202503","2025","00023448","019559","1",,,"29/03/2025"
"204751","202503","2025","00023449","032806","1",,,"29/03/2025"
"200829","202503","2025","00023450","032863","1",,,"29/03/2025"
"195335","202503","2025","00023451","032840","1",,,"29/03/2025"
"197469","202503","2025","00023452","014339","1",,,"29/03/2025"
"201750","202503","2024","00090846","032818","1",,,"29/03/2025"
"204526","202503","2025","00023453","032790","1",,,"29/03/2025"
"199296","202503","2024","00090847","032850","1",,,"29/03/2025"
"203612","202503","2025","00023454","032871","1",,,"29/03/2025"
"195593","202503","2025","00023455","020278","1",,,"29/03/2025"
"194642","202503","2024","00090848","032799","1",,,"29/03/2025"
"197420","202503","2024","00090849","020506","1",,,"29/03/2025"
"203132","202503","2024","00090850","032821","1",,,"29/03/2025"
"199969","202503","2025","00023456","032786","1",,,"29/03/2025"
"204101","202503","2025","00023457","032796","1",,,"29/03/2025"
"204368","202503","2025","00023458","032869","1",,,"29/03/2025"
"203487","202503","2024","00090851","032814","1",,,"29/03/2025"
"203943","202503","2025","00023459","014913","1",,,"29/03/2025"
"204845","202503","2024","00090852","032812","1",,,"29/03/2025"
"191385","202503","2025","00023460","032826","1",,,"29/03/2025"
"195893","202503","2024","00090853","032830","1",,,"29/03/2025"
"195119","202503","2025","00023461","032816","1",,,"29/03/2025"
"200695","202503","2025","00023462","032847","1",,,"29/03/2025"
"199544","202503","2025","00023463","032811","1",,,"29/03/2025"
"195546","202503","2025","00023464","032798","1",,,"29/03/2025"
"196397","202503","2025","00023465","032858","1",,,"29/03/2025"
"198903","202503","2024","00090854","032821","1",,,"29/03/2025"
"201141","202503","2024","00090855","030142","1",,,"29/03/2025"
"187926","202503","2024","00090867","015120","1",,,"29/03/2025"
"191282","202503","2025","00023505","014919","1",,,"29/03/2025"
"193520","202503","2025","00023506","032785","1",,,"29/03/2025"
"202205","202503","2025","00023553","014512","1",,,"29/03/2025"
"217632","202505","2025","00036294","019284","1",,,"13/05/2025"
"217879","202505","2025","00036295","014867","1",,,"13/05/2025"
"218460","202505","2025","00036296","034362","1",,,"13/05/2025"
"218837","202505","2025","00036297","034295","1",,,"13/05/2025"
"209367","202504","2025","00030932","033733","1",,,"23/04/2025"
"218871","202505","2025","00036214","019282","1",,,"13/05/2025"
"218034","202505","2025","00036215","034376","1",,,"13/05/2025"
"218570","202505","2025","00036216","019838","1",,,"13/05/2025"
"219244","202505","2025","00036217","033716","1",,,"13/05/2025"
"219312","202505","2024","00091592","034297","1",,,"13/05/2025"
"220240","202505","2025","00036218","034312","1",,,"13/05/2025"
"220285","202505","2025","00036219","033701","1",,,"13/05/2025"
"220813","202505","2025","00036220","034314","1",,,"13/05/2025"
"220875","202505","2025","00036221","034296","1",,,"13/05/2025"
"218536","202505","2025","00036222","034274","1",,,"13/05/2025"
"218703","202505","2024","00091593","034291","1",,,"13/05/2025"
"219397","202505","2025","00036223","034290","1",,,"13/05/2025"
"219722","202505","2025","00036224","014928","1",,,"13/05/2025"
"219945","202505","2025","00036225","020307","1",,,"13/05/2025"
"220667","202505","2025","00036226","020502","1",,,"13/05/2025"
"221200","202505","2025","00036227","034312","1",,,"13/05/2025"
"216593","202505","2025","00036228","034321","1",,,"13/05/2025"
"216974","202505","2025","00036229","034328","1",,,"13/05/2025"
"221252","202505","2025","00036230","034277","1",,,"13/05/2025"
"216828","202505","2025","00036231","033693","1",,,"13/05/2025"
"218929","202505","2025","00036232","034318","1",,,"13/05/2025"
"219598","202505","2025","00036233","034380","1",,,"13/05/2025"
"220820","202505","2025","00036234","034314","1",,,"13/05/2025"
"220824","202505","2025","00036235","034383","1",,,"13/05/2025"
"221515","202505","2025","00036236","020329","1",,,"13/05/2025"
"221596","202505","2025","00036237","014978","1",,,"13/05/2025"
"218710","202505","2025","00036238","034271","1",,,"13/05/2025"
"219842","202505","2025","00036239","034319","1",,,"13/05/2025"
"220603","202505","2025","00036240","030222","1",,,"13/05/2025"
"221786","202505","2025","00036241","034342","1",,,"13/05/2025"
"216539","202505","2025","00036242","020290","1",,,"13/05/2025"
"216702","202505","2025","00036243","034381","1",,,"13/05/2025"
"217328","202505","2025","00036244","034369","1",,,"13/05/2025"
"220591","202505","2024","00091594","034332","1",,,"13/05/2025"
"217097","202505","2025","00036245","034280","1",,,"13/05/2025"
"217188","202505","2025","00036246","032813","1",,,"13/05/2025"
"218355","202505","2025","00036247","015184","1",,,"13/05/2025"
"218622","202505","2025","00036248","034298","1",,,"13/05/2025"
"218714","202505","2024","00091595","034271","1",,,"13/05/2025"
"219847","202505","2025","00036249","034339","1",,,"13/05/2025"
"216542","202505","2025","00036250","020275","1",,,"13/05/2025"
"217457","202505","2025","00036251","034349","1",,,"13/05/2025"
"217670","202505","2025","00036252","020301","1",,,"13/05/2025"
"217724","202505","2025","00036253","034329","1",,,"13/05/2025"
"219241","202505","2025","00036254","034319","1",,,"13/05/2025"
"219270","202505","2025","00036255","034293","1",,,"13/05/2025"
"221116","202505","2025","00036256","034334","1",,,"13/05/2025"
"221369","202505","2025","00036257","034292","1",,,"13/05/2025"
"221203","202505","2025","00036258","034312","1",,,"13/05/2025"
"218117","202505","2025","00036259","034343","1",,,"13/05/2025"
"218879","202505","2025","00036260","034294","1",,,"13/05/2025"
"220663","202505","2024","00091596","034355","1",,,"13/05/2025"
"218783","202505","2024","00091597","034368","1",,,"13/05/2025"
"218876","202505","2025","00036261","034294","1",,,"13/05/2025"
"219784","202505","2025","00036262","034309","1",,,"13/05/2025"
"219928","202505","2025","00036263","034351","1",,,"13/05/2025"
"220432","202505","2025","00036264","019853","1",,,"13/05/2025"
"220685","202505","2025","00036265","034384","1",,,"13/05/2025"
"217107","202505","2025","00036266","034366","1",,,"13/05/2025"
"217119","202505","2025","00036267","034311","1",,,"13/05/2025"
"217815","202505","2025","00036268","034379","1",,,"13/05/2025"
"219313","202505","2024","00091598","034297","1",,,"13/05/2025"
"219315","202505","2025","00036269","034297","1",,,"13/05/2025"
"215425","202505","2025","00036270","034313","1",,,"13/05/2025"
"217805","202505","2025","00036271","014716","1",,,"13/05/2025"
"218241","202505","2025","00036272","034345","1",,,"13/05/2025"
"218257","202505","2025","00036273","034371","1",,,"13/05/2025"
"218692","202505","2025","00036274","034375","1",,,"13/05/2025"
"219203","202505","2025","00036275","034326","1",,,"13/05/2025"
"220546","202505","2025","00036276","014339","1",,,"13/05/2025"
"216646","202505","2025","00036277","014540","1",,,"13/05/2025"
"218505","202505","2024","00091599","034385","1",,,"13/05/2025"
"218605","202505","2025","00036320","019237","1",,,"13/05/2025"
"218877","202505","2025","00036321","034294","1",,,"13/05/2025"
"219399","202505","2025","00036322","034306","1",,,"13/05/2025"
"218798","202505","2025","00036323","020276","1",,,"13/05/2025"
"219760","202505","2025","00036324","034322","1",,,"13/05/2025"
"218278","202505","2024","00091604","034279","1",,,"13/05/2025"
"221280","202505","2025","00036325","034288","1",,,"13/05/2025"
"221407","202505","2025","00036326","034378","1",,,"13/05/2025"
"216906","202505","2024","00091605","034316","1",,,"13/05/2025"
"217231","202505","2025","00036327","034374","1",,,"13/05/2025"
"219695","202505","2024","00091606","034324","1",,,"13/05/2025"
"220241","202505","2025","00036328","034312","1",,,"13/05/2025"
"220283","202505","2025","00036329","034377","1",,,"13/05/2025"
"220594","202505","2024","00091607","034332","1",,,"13/05/2025"
"219163","202505","2025","00036330","034320","1",,,"13/05/2025"
"220554","202505","2025","00036331","034344","1",,,"13/05/2025"
"219227","202505","2025","00036332","034289","1",,,"13/05/2025"
"218829","202505","2025","00036333","019877","1",,,"13/05/2025"
"220964","202505","2024","00091608","034281","1",,,"13/05/2025"
"207022","202505","2025","00036334","034299","1",,,"13/05/2025"
"187220","202502","2024","00089313","030190","1",,,"06/02/2025"
"187223","202502","2024","00089314","030180","1",,,"06/02/2025"
"187590","202502","2024","00089315","030141","1",,,"06/02/2025"
"187828","202502","2024","00089316","030157","1",,,"06/02/2025"
"187960","202502","2024","00089317","030247","1",,,"06/02/2025"
"187714","202502","2025","00006936","030245","1",,,"06/02/2025"
"187810","202502","2025","00006937","030139","1",,,"06/02/2025"
"187227","202502","2024","00089318","030143","1",,,"06/02/2025"
"187438","202502","2024","00089319","030205","1",,,"06/02/2025"
"187679","202502","2024","00089320","014872","1",,,"06/02/2025"
"187910","202502","2024","00089321","030220","1",,,"06/02/2025"
"187972","202502","2024","00089322","030244","1",,,"06/02/2025"
"187862","202502","2024","00089323","030142","1",,,"06/02/2025"
"187957","202502","2025","00006938","030177","1",,,"06/02/2025"
"187518","202502","2025","00006939","030164","1",,,"06/02/2025"
"187145","202502","2024","00089324","030234","1",,,"06/02/2025"
"187113","202502","2024","00089325","030140","1",,,"06/02/2025"
"187901","202502","2024","00089326","030155","1",,,"06/02/2025"
"187902","202502","2024","00089327","030151","1",,,"06/02/2025"
"187273","202502","2024","00089328","030217","1",,,"06/02/2025"
"184203","202502","2024","00089329","030196","1",,,"06/02/2025"
"187439","202502","2025","00006940","030204","1",,,"06/02/2025"
"187484","202502","2024","00089330","030248","1",,,"06/02/2025"
"187486","202502","2025","00006941","030138","1",,,"06/02/2025"
"187606","202502","2024","00089331","030232","1",,,"06/02/2025"
"187676","202502","2024","00089332","030227","1",,,"06/02/2025"
"187763","202502","2025","00006942","030250","1",,,"06/02/2025"
"187799","202502","2025","00006943","030202","1",,,"06/02/2025"
"187433","202502","2024","00089333","020492","1",,,"06/02/2025"
"187661","202502","2025","00006944","030213","1",,,"06/02/2025"
"187290","202502","2025","00006945","030198","1",,,"06/02/2025"
"187524","202502","2024","00089334","030231","1",,,"06/02/2025"
"187462","202502","2024","00089335","030235","1",,,"06/02/2025"
"187640","202502","2024","00089336","014743","1",,,"06/02/2025"
"187980","202502","2025","00006946","030213","1",,,"06/02/2025"
"187134","202502","2024","00089337","030186","1",,,"06/02/2025"
"187364","202502","2024","00089338","020298","1",,,"06/02/2025"
"187381","202502","2025","00006947","030178","1",,,"06/02/2025"
"187495","202502","2025","00006948","030230","1",,,"06/02/2025"
"187793","202502","2024","00089339","030223","1",,,"06/02/2025"
"185243","202502","2024","00089340","030238","1",,,"06/02/2025"
"185282","202502","2024","00089341","030145","1",,,"06/02/2025"
"187041","202502","2024","00089342","030228","1",,,"06/02/2025"
"187373","202502","2024","00089343","030201","1",,,"06/02/2025"
"187271","202502","2024","00089344","030179","1",,,"06/02/2025"
"187479","202502","2025","00006949","030163","1",,,"06/02/2025"
"187152","202502","2024","00089345","019354","1",,,"06/02/2025"
"187435","202502","2024","00089346","030154","1",,,"06/02/2025"
"187974","202502","2024","00089347","030244","1",,,"06/02/2025"
"188002","202502","2024","00089348","030224","1",,,"06/02/2025"
"187347","202502","2024","00089349","030185","1",,,"06/02/2025"
"187612","202502","2025","00006950","030189","1",,,"06/02/2025"
"187832","202502","2025","00006951","030188","1",,,"06/02/2025"
"187917","202502","2024","00089350","030197","1",,,"06/02/2025"
"187371","202502","2024","00089351","030158","1",,,"06/02/2025"
"187579","202502","2024","00089352","030182","1",,,"06/02/2025"
"187692","202502","2024","00089353","030174","1",,,"06/02/2025"
"187706","202502","2024","00089354","030226","1",,,"06/02/2025"
"187750","202502","2025","00006952","030175","1",,,"06/02/2025"
"187894","202502","2024","00089355","030166","1",,,"06/02/2025"
"187984","202502","2024","00089356","030161","1",,,"06/02/2025"
"187555","202502","2025","00006953","030243","1",,,"06/02/2025"
"187871","202502","2025","00006954","030216","1",,,"06/02/2025"
"187946","202502","2025","00006955","030172","1",,,"06/02/2025"
"187461","202502","2024","00089357","030149","1",,,"06/02/2025"
"187109","202502","2024","00089358","030240","1",,,"06/02/2025"
"187125","202502","2024","00089359","030156","1",,,"06/02/2025"
"187431","202502","2024","00089360","015194","1",,,"06/02/2025"
"187643","202502","2025","00006956","030168","1",,,"06/02/2025"
"187840","202502","2025","00006957","030249","1",,,"06/02/2025"
"187322","202502","2024","00089361","030173","1",,,"06/02/2025"
"186804","202502","2024","00089362","030169","1",,,"06/02/2025"
"185694","202502","2024","00089363","030242","1",,,"06/02/2025"
"187324","202502","2024","00089364","030167","1",,,"06/02/2025"
"187765","202502","2024","00089365","030209","1",,,"06/02/2025"
"187660","202502","2025","00006958","030213","1",,,"06/02/2025"
"187825","202502","2024","00089366","030157","1",,,"06/02/2025"
"187915","202502","2024","00089367","030183","1",,,"06/02/2025"
"187230","202502","2024","00089368","030148","1",,,"06/02/2025"
"187547","202502","2025","00006959","030193","1",,,"06/02/2025"
"187611","202502","2025","00006960","030219","1",,,"06/02/2025"
"187934","202502","2025","00006961","030146","1",,,"06/02/2025"
"187716","202502","2025","00006962","030241","1",,,"06/02/2025"
"187548","202502","2024","00089369","014881","1",,,"06/02/2025"
"187791","202502","2024","00089370","014432","1",,,"06/02/2025"
"187204","202502","2024","00089371","030203","1",,,"06/02/2025"
"187234","202502","2024","00089372","030170","1",,,"06/02/2025"
"187329","202502","2024","00089373","030173","1",,,"06/02/2025"
"187604","202502","2025","00006963","030236","1",,,"06/02/2025"
"187659","202502","2024","00089374","030162","1",,,"06/02/2025"
"187708","202502","2024","00089375","030222","1",,,"06/02/2025"
"187851","202502","2024","00089376","030239","1",,,"06/02/2025"
"187967","202502","2025","00006964","030221","1",,,"06/02/2025"
"187348","202502","2024","00089377","030194","1",,,"06/02/2025"
"187655","202502","2025","00006965","030213","1",,,"06/02/2025"
"187658","202502","2025","00006966","030213","1",,,"06/02/2025"
"187231","202502","2024","00089378","030195","1",,,"06/02/2025"
"187445","202502","2025","00006967","030152","1",,,"06/02/2025"
"187633","202502","2025","00006968","030206","1",,,"06/02/2025"
"187690","202502","2025","00006969","030207","1",,,"06/02/2025"
"187890","202502","2025","00006970","030200","1",,,"06/02/2025"
"187913","202502","2024","00089379","030183","1",,,"06/02/2025"
"187331","202502","2025","00006971","030137","1",,,"06/02/2025"
"186984","202502","2024","00089380","021360","1",,,"06/02/2025"
"187103","202502","2024","00089381","030184","1",,,"06/02/2025"
"187156","202502","2024","00089382","030136","1",,,"06/02/2025"
"187219","202502","2024","00089383","030218","1",,,"06/02/2025"
"187533","202502","2024","00089384","030153","1",,,"06/02/2025"
"187605","202502","2025","00006972","030160","1",,,"06/02/2025"
"187827","202502","2024","00089385","030157","1",,,"06/02/2025"
"187139","202502","2024","00089386","030150","1",,,"06/02/2025"
"187544","202502","2025","00006973","030144","1",,,"06/02/2025"
"187260","202502","2025","00006974","030192","1",,,"06/02/2025"
"187335","202502","2024","00089387","030147","1",,,"06/02/2025"
"187434","202502","2024","00089388","020492","1",,,"06/02/2025"
"187657","202502","2025","00006975","030213","1",,,"06/02/2025"
"187358","202502","2025","00006976","030229","1",,,"06/02/2025"
"187691","202502","2025","00006977","030208","1",,,"06/02/2025"
"187745","202502","2024","00089389","030225","1",,,"06/02/2025"
"187762","202502","2025","00006978","030187","1",,,"06/02/2025"
"187796","202502","2025","00006979","030165","1",,,"06/02/2025"
"187971","202502","2024","00089390","030196","1",,,"06/02/2025"
"187144","202502","2024","00089391","030199","1",,,"06/02/2025"
"187337","202502","2024","00089392","030237","1",,,"06/02/2025"
"187736","202502","2025","00006980","030171","1",,,"06/02/2025"
"187940","202502","2024","00089393","030246","1",,,"06/02/2025"
"187141","202502","2025","00006981","030191","1",,,"06/02/2025"
"187215","202502","2024","00089394","030181","1",,,"06/02/2025"
"187442","202502","2024","00089395","030251","1",,,"06/02/2025"
"187553","202502","2025","00006982","030233","1",,,"06/02/2025"
"187668","202502","2025","00006983","030176","1",,,"06/02/2025"
"187674","202502","2025","00006984","030159","1",,,"06/02/2025"
"202473","202503","2025","00023466","020317","1",,,"29/03/2025"
"203503","202503","2024","00090856","032814","1",,,"29/03/2025"
"203504","202503","2024","00090857","032814","1",,,"29/03/2025"
"203857","202503","2025","00023467","032866","1",,,"29/03/2025"
"204147","202503","2024","00090858","032831","1",,,"29/03/2025"
"205967","202503","2025","00023468","032832","1",,,"29/03/2025"
"201541","202503","2024","00090859","032797","1",,,"29/03/2025"
"205377","202503","2025","00023469","014729","1",,,"29/03/2025"
"200978","202503","2025","00023470","014486","1",,,"29/03/2025"
"201054","202503","2025","00023471","030201","1",,,"29/03/2025"
"201700","202503","2025","00023472","021314","1",,,"29/03/2025"
"204752","202503","2025","00023473","032801","1",,,"29/03/2025"
"203496","202503","2024","00090860","032814","1",,,"29/03/2025"
"203756","202503","2025","00023474","032846","1",,,"29/03/2025"
"190732","202503","2025","00023475","032829","1",,,"29/03/2025"
"203791","202503","2025","00023476","032795","1",,,"29/03/2025"
"188363","202503","2025","00023477","032872","1",,,"29/03/2025"
"187749","202503","2024","00090861","032783","1",,,"29/03/2025"
"189191","202503","2025","00023478","032809","1",,,"29/03/2025"
"190038","202503","2025","00023479","019884","1",,,"29/03/2025"
"194725","202503","2025","00023480","014688","1",,,"29/03/2025"
"193403","202503","2025","00023481","032855","1",,,"29/03/2025"
"204997","202503","2025","00023482","032839","1",,,"29/03/2025"
"194578","202503","2025","00023483","019574","1",,,"29/03/2025"
"202465","202503","2025","00023484","032815","1",,,"29/03/2025"
"203638","202503","2025","00023485","032836","1",,,"29/03/2025"
"203750","202503","2025","00023486","021307","1",,,"29/03/2025"
"205501","202503","2025","00023487","019629","1",,,"29/03/2025"
"205965","202503","2025","00023488","032820","1",,,"29/03/2025"
"203946","202503","2025","00023489","014913","1",,,"29/03/2025"
"195095","202503","2025","00023490","032824","1",,,"29/03/2025"
"201360","202503","2025","00023491","020593","1",,,"29/03/2025"
"203320","202503","2025","00023492","032865","1",,,"29/03/2025"
"203314","202503","2025","00023493","032868","1",,,"29/03/2025"
"200132","202503","2025","00023494","032859","1",,,"29/03/2025"
"205156","202503","2025","00023495","032845","1",,,"29/03/2025"
"203725","202503","2024","00090862","014912","1",,,"29/03/2025"
"205869","202503","2025","00023496","032787","1",,,"29/03/2025"
"189742","202503","2024","00090863","032844","1",,,"29/03/2025"
"197272","202503","2025","00023497","032791","1",,,"29/03/2025"
"203295","202503","2024","00090864","032860","1",,,"29/03/2025"
"204099","202503","2024","00090865","032796","1",,,"29/03/2025"
"205702","202503","2024","00090866","032800","1",,,"29/03/2025"
"199649","202503","2025","00023498","032864","1",,,"29/03/2025"
"194874","202503","2025","00023499","032861","1",,,"29/03/2025"
"198044","202503","2025","00023500","032828","1",,,"29/03/2025"
"204795","202503","2025","00023501","020527","1",,,"29/03/2025"
"206128","202503","2025","00023502","032807","1",,,"29/03/2025"
"191195","202503","2025","00023503","014919","1",,,"29/03/2025"
"203753","202503","2025","00023504","032867","1",,,"29/03/2025"
"201934","202503","2025","00023549","019371","1",,,"29/03/2025"
"202020","202503","2025","00023550","032857","1",,,"29/03/2025"
"205696","202503","2025","00023551","032838","1",,,"29/03/2025"
"205751","202503","2025","00023552","032862","1",,,"29/03/2025"
"219085","202505","2025","00036298","019248","1",,,"13/05/2025"
"220934","202505","2025","00036299","034270","1",,,"13/05/2025"
"218796","202505","2025","00036300","020276","1",,,"13/05/2025"
"221778","202505","2024","00091600","030247","1",,,"13/05/2025"
"218041","202505","2025","00036301","034363","1",,,"13/05/2025"
"218365","202505","2025","00036302","034352","1",,,"13/05/2025"
"218384","202505","2025","00036303","034310","1",,,"13/05/2025"
"221192","202505","2025","00036304","034312","1",,,"13/05/2025"
"221193","202505","2025","00036305","034312","1",,,"13/05/2025"
"221604","202505","2024","00091601","034301","1",,,"13/05/2025"
"217369","202505","2025","00036306","034308","1",,,"13/05/2025"
"219498","202505","2025","00036307","034367","1",,,"13/05/2025"
"219501","202505","2024","00091602","034367","1",,,"13/05/2025"
"221281","202505","2025","00036308","034341","1",,,"13/05/2025"
"219714","202505","2024","00091603","034275","1",,,"13/05/2025"
"220843","202505","2025","00036309","034335","1",,,"13/05/2025"
"216947","202505","2025","00036310","034370","1",,,"13/05/2025"
"217957","202505","2025","00036311","034347","1",,,"13/05/2025"
"218810","202505","2025","00036312","020276","1",,,"13/05/2025"
"218890","202505","2025","00036313","019726","1",,,"13/05/2025"
"219630","202505","2025","00036314","034322","1",,,"13/05/2025"
"220481","202505","2025","00036315","034382","1",,,"13/05/2025"
"192871","202505","2025","00036316","020586","1",,,"13/05/2025"
"216133","202505","2025","00036317","034315","1",,,"13/05/2025"
"195082","202503","2025","00023513","019358","1",,,"29/03/2025"
"202640","202503","2025","00023514","032793","1",,,"29/03/2025"
"205657","202503","2025","00023515","032784","1",,,"29/03/2025"
"202829","202503","2025","00023516","021341","1",,,"29/03/2025"
"203150","202503","2025","00023517","020501","1",,,"29/03/2025"
"203584","202503","2024","00090869","032856","1",,,"29/03/2025"
"205749","202503","2024","00090870","032800","1",,,"29/03/2025"
"203945","202503","2025","00023518","014913","1",,,"29/03/2025"
"203951","202503","2025","00023519","014913","1",,,"29/03/2025"
"204189","202503","2025","00023520","032822","1",,,"29/03/2025"
"205052","202503","2025","00023521","032817","1",,,"29/03/2025"
"191919","202503","2025","00023522","030149","1",,,"29/03/2025"
"201678","202503","2024","00090871","032849","1",,,"29/03/2025"
"202832","202503","2025","00023523","032841","1",,,"29/03/2025"
"204454","202503","2025","00023524","014447","1",,,"29/03/2025"
"205578","202503","2024","00090872","032802","1",,,"29/03/2025"
"195202","202503","2025","00023525","032819","1",,,"29/03/2025"
"204552","202503","2025","00023526","032810","1",,,"29/03/2025"
"189270","202503","2025","00023527","032870","1",,,"29/03/2025"
"193930","202503","2025","00023528","020511","1",,,"29/03/2025"
"199500","202503","2024","00090873","032843","1",,,"29/03/2025"
"195947","202503","2024","00090874","032854","1",,,"29/03/2025"
"197088","202503","2024","00090875","032853","1",,,"29/03/2025"
"203600","202503","2024","00090876","032805","1",,,"29/03/2025"
"204759","202503","2025","00023529","032823","1",,,"29/03/2025"
"199194","202503","2024","00090877","032788","1",,,"29/03/2025"
"199308","202503","2024","00090878","032850","1",,,"29/03/2025"
"203246","202503","2025","00023530","020566","1",,,"29/03/2025"
"205089","202503","2024","00090879","032837","1",,,"29/03/2025"
"204961","202503","2025","00023531","019544","1",,,"29/03/2025"
"196839","202503","2024","00090880","032804","1",,,"29/03/2025"
"203948","202503","2025","00023532","014913","1",,,"29/03/2025"
"204804","202503","2025","00023533","032789","1",,,"29/03/2025"
"197408","202503","2024","00090881","032852","1",,,"29/03/2025"
"189252","202503","2025","00023534","032809","1",,,"29/03/2025"
"198277","202503","2025","00023535","032848","1",,,"29/03/2025"
"197389","202503","2025","00023536","021312","1",,,"29/03/2025"
"200184","202503","2025","00023537","030199","1",,,"29/03/2025"
"200189","202503","2024","00090882","032803","1",,,"29/03/2025"
"200667","202503","2025","00023538","032833","1",,,"29/03/2025"
"203580","202503","2025","00023539","019877","1",,,"29/03/2025"
"200980","202503","2025","00023540","020345","1",,,"29/03/2025"
"205266","202503","2025","00023541","032792","1",,,"29/03/2025"
"202531","202503","2025","00023542","014966","1",,,"29/03/2025"
"203332","202503","2025","00023543","032819","1",,,"29/03/2025"
"203703","202503","2024","00090883","020497","1",,,"29/03/2025"
"203939","202503","2024","00090884","014913","1",,,"29/03/2025"
"203950","202503","2025","00023544","014913","1",,,"29/03/2025"
"193978","202503","2024","00090885","030222","1",,,"29/03/2025"
"194942","202503","2025","00023545","014462","1",,,"29/03/2025"
"198529","202503","2025","00023546","032835","1",,,"29/03/2025"
"198630","202503","2025","00023547","032794","1",,,"29/03/2025"
"200142","202503","2025","00023548","032834","1",,,"29/03/2025"
"207605","202504","2025","00030758","030186","1",,,"23/04/2025"
"207848","202504","2024","00091245","033684","1",,,"23/04/2025"
"208918","202504","2024","00091246","033626","1",,,"23/04/2025"
"210593","202504","2025","00030759","033723","1",,,"23/04/2025"
"213211","202504","2025","00030760","014869","1",,,"23/04/2025"
"213483","202504","2025","00030761","033707","1",,,"23/04/2025"
"215050","202504","2024","00091247","033694","1",,,"23/04/2025"
"215850","202504","2025","00030762","033646","1",,,"23/04/2025"
"214029","202504","2025","00030763","020264","1",,,"23/04/2025"
"215017","202504","2024","00091248","032831","1",,,"23/04/2025"
"213185","202504","2025","00030764","033650","1",,,"23/04/2025"
"212243","202504","2025","00030765","033705","1",,,"23/04/2025"
"207298","202504","2025","00030766","033661","1",,,"23/04/2025"
"216355","202504","2025","00030767","033720","1",,,"23/04/2025"
"211033","202504","2025","00030768","014466","1",,,"23/04/2025"
"213028","202504","2024","00091249","033725","1",,,"23/04/2025"
"215049","202504","2024","00091250","033725","1",,,"23/04/2025"
"215055","202504","2024","00091251","033725","1",,,"23/04/2025"
"207873","202504","2024","00091252","033682","1",,,"23/04/2025"
"213331","202504","2025","00030769","033684","1",,,"23/04/2025"
"215527","202504","2025","00030770","033647","1",,,"23/04/2025"
"208885","202504","2025","00030771","019551","1",,,"23/04/2025"
"213569","202504","2024","00091253","033714","1",,,"23/04/2025"
"213054","202504","2025","00030772","033644","1",,,"23/04/2025"
"215937","202504","2025","00030773","033719","1",,,"23/04/2025"
"206370","202504","2025","00030774","033632","1",,,"23/04/2025"
"206966","202504","2025","00030775","033651","1",,,"23/04/2025"
"205682","202504","2024","00091254","032837","1",,,"23/04/2025"
"206974","202504","2025","00030776","033630","1",,,"23/04/2025"
"208221","202504","2025","00030777","020327","1",,,"23/04/2025"
"208886","202504","2025","00030778","033674","1",,,"23/04/2025"
"209297","202504","2025","00030779","033659","1",,,"23/04/2025"
"211718","202504","2025","00030780","019472","1",,,"23/04/2025"
"213976","202504","2025","00030781","032807","1",,,"23/04/2025"
"213979","202504","2025","00030782","032807","1",,,"23/04/2025"
"214821","202504","2025","00030783","033721","1",,,"23/04/2025"
"207947","202504","2025","00030784","019519","1",,,"23/04/2025"
"209400","202504","2025","00030785","019514","1",,,"23/04/2025"
"212636","202504","2025","00030786","033715","1",,,"23/04/2025"
"208277","202504","2025","00030787","019460","1",,,"23/04/2025"
"208948","202504","2024","00091255","033642","1",,,"23/04/2025"
"215060","202504","2025","00030788","021356","1",,,"23/04/2025"
"215063","202504","2025","00030789","021356","1",,,"23/04/2025"
"216342","202504","2025","00030790","020298","1",,,"23/04/2025"
"213411","202504","2025","00030791","033701","1",,,"23/04/2025"
"214710","202504","2024","00091256","033665","1",,,"23/04/2025"
"203296","202504","2024","00091257","033628","1",,,"23/04/2025"
"207494","202504","2025","00030792","032820","1",,,"23/04/2025"
"208074","202504","2025","00030793","014715","1",,,"23/04/2025"
"209266","202504","2025","00030794","033702","1",,,"23/04/2025"
"210792","202504","2024","00091258","033634","1",,,"23/04/2025"
"207660","202504","2025","00030795","033680","1",,,"23/04/2025"
"209479","202504","2025","00030796","033631","1",,,"23/04/2025"
"209853","202504","2025","00030797","033649","1",,,"23/04/2025"
"209866","202504","2025","00030798","033649","1",,,"23/04/2025"
"209886","202504","2025","00030799","033690","1",,,"23/04/2025"
"208524","202504","2025","00030800","033712","1",,,"23/04/2025"
"216463","202504","2025","00030801","033713","1",,,"23/04/2025"
"207121","202504","2025","00030802","014899","1",,,"23/04/2025"
"210845","202504","2025","00030803","033635","1",,,"23/04/2025"
"210979","202504","2024","00091259","033667","1",,,"23/04/2025"
"213562","202504","2024","00091260","033660","1",,,"23/04/2025"
"215751","202504","2025","00030804","033681","1",,,"23/04/2025"
"216312","202504","2025","00030805","033643","1",,,"23/04/2025"
"214417","202504","2025","00030806","033700","1",,,"23/04/2025"
"214682","202504","2024","00091261","020373","1",,,"23/04/2025"
"215574","202504","2024","00091262","033697","1",,,"23/04/2025"
"195608","202504","2025","00030807","019726","1",,,"23/04/2025"
"208210","202504","2025","00030808","033695","1",,,"23/04/2025"
"208259","202504","2025","00030809","019460","1",,,"23/04/2025"
"208804","202504","2025","00030810","033696","1",,,"23/04/2025"
"209551","202504","2025","00030811","033671","1",,,"23/04/2025"
"211050","202504","2025","00030812","033685","1",,,"23/04/2025"
"213018","202504","2025","00030813","015099","1",,,"23/04/2025"
"213169","202504","2025","00030814","033629","1",,,"23/04/2025"
"213303","202504","2025","00030815","021343","1",,,"23/04/2025"
"215652","202504","2025","00030816","020319","1",,,"23/04/2025"
"207912","202504","2025","00030817","019297","1",,,"23/04/2025"
"214760","202504","2025","00030818","014544","1",,,"23/04/2025"
"187420","202502","2025","00008482","020619","1",,,"11/02/2025"
"187151","202502","2025","00008483","020502","1",,,"11/02/2025"
"187307","202502","2025","00008484","014432","1",,,"11/02/2025"
"187620","202502","2025","00008485","014898","1",,,"11/02/2025"
"187623","202502","2025","00008486","014432","1",,,"11/02/2025"
"187770","202502","2025","00008487","014468","1",,,"11/02/2025"
"187267","202502","2025","00008488","014432","1",,,"11/02/2025"
"187756","202502","2025","00008489","014432","1",,,"11/02/2025"
"187824","202502","2025","00008490","020582","1",,,"11/02/2025"
"187981","202502","2025","00008491","030155","1",,,"11/02/2025"
"187589","202502","2025","00008492","021287","1",,,"11/02/2025"
"187684","202502","2025","00008493","019280","1",,,"11/02/2025"
"187169","202502","2025","00008494","020492","1",,,"11/02/2025"
"187711","202502","2025","00008495","019283","1",,,"11/02/2025"
"187432","202502","2025","00008496","019475","1",,,"11/02/2025"
"187743","202502","2025","00008497","020342","1",,,"11/02/2025"
"187286","202502","2025","00008498","019278","1",,,"11/02/2025"
"187595","202502","2025","00008499","014450","1",,,"11/02/2025"
"187808","202502","2025","00008500","019278","1",,,"11/02/2025"
"187829","202502","2025","00008501","030157","1",,,"11/02/2025"
"187865","202502","2025","00008502","014925","1",,,"11/02/2025"
"187933","202502","2025","00008503","014899","1",,,"11/02/2025"
"187266","202502","2025","00008504","014432","1",,,"11/02/2025"
"187822","202502","2025","00008505","019464","1",,,"11/02/2025"
"187985","202502","2025","00008506","015110","1",,,"11/02/2025"
"187150","202502","2025","00008507","020502","1",,,"11/02/2025"
"187815","202502","2025","00008508","021309","1",,,"11/02/2025"
"187349","202502","2025","00008509","021313","1",,,"11/02/2025"
"187197","202502","2025","00008510","021335","1",,,"11/02/2025"
"187752","202502","2025","00008511","014869","1",,,"11/02/2025"
"187811","202502","2025","00008512","019284","1",,,"11/02/2025"
"187325","202502","2025","00008513","020530","1",,,"11/02/2025"
"187384","202502","2025","00008514","015090","1",,,"11/02/2025"
"187454","202502","2025","00008515","014474","1",,,"11/02/2025"
"187287","202502","2025","00008516","015108","1",,,"11/02/2025"
"187404","202502","2025","00008517","014432","1",,,"11/02/2025"
"187755","202502","2025","00008518","014432","1",,,"11/02/2025"
"187602","202502","2025","00008519","014522","1",,,"11/02/2025"
"187870","202502","2025","00008520","014343","1",,,"11/02/2025"
"194670","202503","2025","00023507","019378","1",,,"29/03/2025"
"198248","202503","2025","00023508","021366","1",,,"29/03/2025"
"199323","202503","2025","00023509","014743","1",,,"29/03/2025"
"200149","202503","2025","00023510","020602","1",,,"29/03/2025"
"197263","202503","2025","00023511","020492","1",,,"29/03/2025"
"206010","202503","2025","00023512","032825","1",,,"29/03/2025"
"191567","202503","2024","00090868","032827","1",,,"29/03/2025"
"214850","202504","2025","00030819","033722","1",,,"23/04/2025"
"210158","202504","2025","00030820","033633","1",,,"23/04/2025"
"213198","202504","2025","00030821","033650","1",,,"23/04/2025"
"214667","202504","2025","00030822","033688","1",,,"23/04/2025"
"214808","202504","2025","00030823","014519","1",,,"23/04/2025"
"215994","202504","2025","00030824","033637","1",,,"23/04/2025"
"210210","202504","2025","00030825","014523","1",,,"23/04/2025"
"208698","202504","2025","00030826","030171","1",,,"23/04/2025"
"209395","202504","2025","00030827","030145","1",,,"23/04/2025"
"212285","202504","2025","00030828","033669","1",,,"23/04/2025"
"212609","202504","2025","00030829","033728","1",,,"23/04/2025"
"213514","202504","2025","00030830","020271","1",,,"23/04/2025"
"212268","202504","2025","00030831","014752","1",,,"23/04/2025"
"213281","202504","2025","00030832","033648","1",,,"23/04/2025"
"213381","202504","2025","00030833","033714","1",,,"23/04/2025"
"214884","202504","2025","00030834","033727","1",,,"23/04/2025"
"215013","202504","2024","00091263","020373","1",,,"23/04/2025"
"215841","202504","2025","00030835","019726","1",,,"23/04/2025"
"206638","202504","2025","00030836","030248","1",,,"23/04/2025"
"210542","202504","2025","00030837","033640","1",,,"23/04/2025"
"211660","202504","2025","00030838","033673","1",,,"23/04/2025"
"212459","202504","2024","00091264","019300","1",,,"23/04/2025"
"213098","202504","2025","00030839","033717","1",,,"23/04/2025"
"210787","202504","2025","00030840","033699","1",,,"23/04/2025"
"209336","202504","2025","00030841","033657","1",,,"23/04/2025"
"209669","202504","2025","00030842","033676","1",,,"23/04/2025"
"211412","202504","2025","00030843","033726","1",,,"23/04/2025"
"214688","202504","2025","00030844","033666","1",,,"23/04/2025"
"216007","202504","2025","00030845","033639","1",,,"23/04/2025"
"213442","202504","2024","00091265","020588","1",,,"23/04/2025"
"215052","202504","2024","00091266","033725","1",,,"23/04/2025"
"207398","202504","2025","00030846","033658","1",,,"23/04/2025"
"208577","202504","2024","00091267","033698","1",,,"23/04/2025"
"210944","202504","2025","00030847","033672","1",,,"23/04/2025"
"212653","202504","2025","00030848","033668","1",,,"23/04/2025"
"207201","202504","2025","00030849","033641","1",,,"23/04/2025"
"208251","202504","2024","00091268","019460","1",,,"23/04/2025"
"208822","202504","2025","00030850","014325","1",,,"23/04/2025"
"208837","202504","2025","00030851","014542","1",,,"23/04/2025"
"210989","202504","2025","00030852","033667","1",,,"23/04/2025"
"212170","202504","2025","00030853","019884","1",,,"23/04/2025"
"213235","202504","2025","00030854","019551","1",,,"23/04/2025"
"212263","202504","2025","00030855","033656","1",,,"23/04/2025"
"213693","202504","2024","00091269","033691","1",,,"23/04/2025"
"213825","202504","2025","00030856","033686","1",,,"23/04/2025"
"216200","202504","2025","00030857","033655","1",,,"23/04/2025"
"216449","202504","2025","00030858","014980","1",,,"23/04/2025"
"207112","202504","2025","00030859","015188","1",,,"23/04/2025"
"194928","202504","2025","00030860","033704","1",,,"23/04/2025"
"210797","202504","2025","00030861","033699","1",,,"23/04/2025"
"211222","202504","2025","00030862","033633","1",,,"23/04/2025"
"207581","202504","2025","00030863","033716","1",,,"23/04/2025"
"209391","202504","2025","00030864","033718","1",,,"23/04/2025"
"209899","202504","2024","00091270","033725","1",,,"23/04/2025"
"215693","202504","2025","00030865","033662","1",,,"23/04/2025"
"208242","202504","2024","00091271","019460","1",,,"23/04/2025"
"209633","202504","2025","00030866","014466","1",,,"23/04/2025"
"206367","202504","2025","00030867","020617","1",,,"23/04/2025"
"213993","202504","2025","00030868","014460","1",,,"23/04/2025"
"215118","202504","2025","00030869","020624","1",,,"23/04/2025"
"212855","202504","2024","00091272","033708","1",,,"23/04/2025"
"213232","202504","2025","00030870","019616","1",,,"23/04/2025"
"214777","202504","2025","00030871","019908","1",,,"23/04/2025"
"215897","202504","2024","00091273","033664","1",,,"23/04/2025"
"187316","202504","2025","00030872","033670","1",,,"23/04/2025"
"201250","202504","2025","00030873","032811","1",,,"23/04/2025"
"208195","202504","2025","00030874","033710","1",,,"23/04/2025"
"209116","202504","2025","00030875","033636","1",,,"23/04/2025"
"210947","202504","2024","00091274","033675","1",,,"23/04/2025"
"210837","202504","2025","00030876","014704","1",,,"23/04/2025"
"211359","202504","2025","00030877","033706","1",,,"23/04/2025"
"212278","202504","2024","00091275","033677","1",,,"23/04/2025"
"211883","202504","2025","00030878","033678","1",,,"23/04/2025"
"211962","202504","2025","00030879","033692","1",,,"23/04/2025"
"214803","202504","2025","00030880","019365","1",,,"23/04/2025"
"216079","202504","2025","00030881","033724","1",,,"23/04/2025"
"216218","202504","2024","00091276","033687","1",,,"23/04/2025"
"208139","202504","2025","00030882","020492","1",,,"23/04/2025"
"213440","202504","2024","00091277","020588","1",,,"23/04/2025"
"214316","202504","2025","00030883","033638","1",,,"23/04/2025"
"214322","202504","2024","00091278","033725","1",,,"23/04/2025"
"208013","202504","2025","00030884","014337","1",,,"23/04/2025"
"208766","202504","2025","00030885","033645","1",,,"23/04/2025"
"212332","202504","2024","00091279","033652","1",,,"23/04/2025"
"213149","202504","2025","00030886","030223","1",,,"23/04/2025"
"215830","202504","2025","00030887","033646","1",,,"23/04/2025"
"206524","202504","2025","00030888","019488","1",,,"23/04/2025"
"210202","202504","2025","00030889","014533","1",,,"23/04/2025"
"211851","202504","2025","00030890","033627","1",,,"23/04/2025"
"213565","202504","2025","00030891","033660","1",,,"23/04/2025"
"213691","202504","2025","00030892","014709","1",,,"23/04/2025"
"213885","202504","2025","00030893","019517","1",,,"23/04/2025"
"215064","202504","2025","00030894","033654","1",,,"23/04/2025"
"215745","202504","2024","00091280","033693","1",,,"23/04/2025"
"207601","202504","2025","00030895","021289","1",,,"23/04/2025"
"207951","202504","2025","00030896","032789","1",,,"23/04/2025"
"211245","202504","2024","00091281","014893","1",,,"23/04/2025"
"211701","202504","2025","00030897","020527","1",,,"23/04/2025"
"211953","202504","2025","00030898","019823","1",,,"23/04/2025"
"212082","202504","2025","00030899","014460","1",,,"23/04/2025"
"212812","202504","2025","00030900","033711","1",,,"23/04/2025"
"212646","202504","2025","00030901","032827","1",,,"23/04/2025"
"206978","202504","2025","00030902","033679","1",,,"23/04/2025"
"209333","202504","2025","00030903","033703","1",,,"23/04/2025"
"214309","202504","2025","00030904","020300","1",,,"23/04/2025"
"215071","202504","2025","00030905","033709","1",,,"23/04/2025"
"215860","202504","2025","00030906","033689","1",,,"23/04/2025"
"207758","202504","2024","00091282","019460","1",,,"23/04/2025"
"213441","202504","2024","00091283","020588","1",,,"23/04/2025"
"210392","202504","2025","00030907","033663","1",,,"23/04/2025"
"212324","202504","2025","00030908","033653","1",,,"23/04/2025"
"212896","202504","2025","00030909","033683","1",,,"23/04/2025"
"210019","202504","2025","00030910","019272","1",,,"23/04/2025"
"217260","202505","2025","00036289","019297","1",,,"13/05/2025"
"218212","202505","2025","00036290","034287","1",,,"13/05/2025"
"218620","202505","2025","00036291","034298","1",,,"13/05/2025"
"220135","202505","2025","00036292","034325","1",,,"13/05/2025"
"216528","202505","2025","00036293","021292","1",,,"13/05/2025"
"220592","202505","2025","00036164","034337","1",,,"13/05/2025"
"220857","202505","2024","00091580","034336","1",,,"13/05/2025"
"221715","202505","2025","00036165","034360","1",,,"13/05/2025"
"217739","202505","2025","00036166","034272","1",,,"13/05/2025"
"220242","202505","2025","00036167","034312","1",,,"13/05/2025"
"220912","202505","2024","00091581","034323","1",,,"13/05/2025"
"221793","202505","2025","00036168","034385","1",,,"13/05/2025"
"216930","202505","2025","00036169","034386","1",,,"13/05/2025"
"217326","202505","2025","00036170","034372","1",,,"13/05/2025"
"221602","202505","2024","00091582","034301","1",,,"13/05/2025"
"218741","202505","2025","00036171","034356","1",,,"13/05/2025"
"220466","202505","2025","00036172","030197","1",,,"13/05/2025"
"220945","202505","2025","00036173","034273","1",,,"13/05/2025"
"221353","202505","2024","00091583","034330","1",,,"13/05/2025"
"218751","202505","2025","00036174","034284","1",,,"13/05/2025"
"219394","202505","2025","00036175","034361","1",,,"13/05/2025"
"218512","202505","2025","00036176","014688","1",,,"13/05/2025"
"219110","202505","2025","00036177","019667","1",,,"13/05/2025"
"219336","202505","2025","00036178","020610","1",,,"13/05/2025"
"213894","202505","2024","00091584","034282","1",,,"13/05/2025"
"219390","202505","2025","00036179","033650","1",,,"13/05/2025"
"219653","202505","2025","00036180","034304","1",,,"13/05/2025"
"218788","202505","2025","00036181","020276","1",,,"13/05/2025"
"219761","202505","2025","00036182","034322","1",,,"13/05/2025"
"220243","202505","2025","00036183","034312","1",,,"13/05/2025"
"220825","202505","2024","00091585","034332","1",,,"13/05/2025"
"221201","202505","2025","00036184","034312","1",,,"13/05/2025"
"218028","202505","2025","00036185","020359","1",,,"13/05/2025"
"221084","202505","2025","00036186","034300","1",,,"13/05/2025"
"221266","202505","2024","00091586","034358","1",,,"13/05/2025"
"217483","202505","2025","00036187","033668","1",,,"13/05/2025"
"219688","202505","2025","00036188","034276","1",,,"13/05/2025"
"218523","202505","2025","00036189","034302","1",,,"13/05/2025"
"218785","202505","2025","00036190","034353","1",,,"13/05/2025"
"219858","202505","2025","00036191","020554","1",,,"13/05/2025"
"217661","202505","2025","00036192","034269","1",,,"13/05/2025"
"219372","202505","2025","00036193","034387","1",,,"13/05/2025"
"220046","202505","2025","00036194","034303","1",,,"13/05/2025"
"220513","202505","2025","00036195","034354","1",,,"13/05/2025"
"220660","202505","2025","00036196","034283","1",,,"13/05/2025"
"213389","202505","2025","00036197","020342","1",,,"13/05/2025"
"214611","202505","2025","00036198","034327","1",,,"13/05/2025"
"218408","202505","2025","00036199","015205","1",,,"13/05/2025"
"220132","202505","2025","00036200","034348","1",,,"13/05/2025"
"220333","202505","2025","00036201","034365","1",,,"13/05/2025"
"221646","202505","2025","00036202","032795","1",,,"13/05/2025"
"217374","202505","2025","00036203","020492","1",,,"13/05/2025"
"217906","202505","2025","00036204","034317","1",,,"13/05/2025"
"218507","202505","2024","00091587","034385","1",,,"13/05/2025"
"218508","202505","2024","00091588","034385","1",,,"13/05/2025"
"218509","202505","2024","00091589","034385","1",,,"13/05/2025"
"221198","202505","2025","00036205","034312","1",,,"13/05/2025"
"221354","202505","2024","00091590","030170","1",,,"13/05/2025"
"217981","202505","2025","00036206","034373","1",,,"13/05/2025"
"221716","202505","2025","00036207","020336","1",,,"13/05/2025"
"217714","202505","2025","00036208","020605","1",,,"13/05/2025"
"219490","202505","2025","00036209","034364","1",,,"13/05/2025"
"221355","202505","2025","00036210","034330","1",,,"13/05/2025"
"218973","202505","2025","00036211","034307","1",,,"13/05/2025"
"219978","202505","2025","00036212","034338","1",,,"13/05/2025"
"220447","202505","2025","00036213","034286","1",,,"13/05/2025"
"221071","202505","2024","00091591","034331","1",,,"13/05/2025"
"217655","202505","2025","00036278","015130","1",,,"13/05/2025"
"221064","202505","2025","00036279","030191","1",,,"13/05/2025"
"221274","202505","2025","00036280","034350","1",,,"13/05/2025"
"221607","202505","2025","00036281","034301","1",,,"13/05/2025"
"218602","202505","2025","00036282","034305","1",,,"13/05/2025"
"220390","202505","2025","00036283","014311","1",,,"13/05/2025"
"221553","202505","2025","00036284","034278","1",,,"13/05/2025"
"219398","202505","2025","00036285","034359","1",,,"13/05/2025"
"219416","202505","2025","00036286","034333","1",,,"13/05/2025"
"219783","202505","2025","00036287","034357","1",,,"13/05/2025"
"220176","202505","2025","00036288","034346","1",,,"13/05/2025"
"213943","202505","2025","00036318","014685","1",,,"13/05/2025"
"218064","202505","2025","00036319","034285","1",,,"13/05/2025"
"217363","202505","2025","00036335","015183","1",,,"13/05/2025"
"217836","202505","2025","00036336","019798","1",,,"13/05/2025"
"218280","202505","2025","00036337","034279","1",,,"13/05/2025"
"218290","202505","2025","00036338","034340","1",,,"13/05/2025"
"218401","202505","2025","00036339","019488","1",,,"13/05/2025"
