"COD_MAX","DES_MAX","FLG_STATO"
"0001","MASSIMALE AREA RICOVERO","S"
"0003","TRASPORTO INFERMO E ACCOMPAGNATORE ESTERO","S"
"0002","TRASPORTO AMBULANZA","S"
"0004","VITTO E PERNOTTAMENTO ACCOMPAGNATORE","S"
"0005","COLLABORATRICE FAMILIARE","S"
"0006","RICOVERO FORME MORBOSE CRONICHE","S"
"0007","EXTRAOSPEDALIERE","S"
"0008","FUNZIONALITA ORMONALE SPERMIOGRAMMA","S"
"0009","CURE ONCOLOGICHE","S"
"0010","INTERVENTO AMBULATORIALE","S"
"0011","VISITE SPECIALISTICHE","S"
"0012","INDENNITÀ MUTUO","S"
"0013","VISITE PREVENTIVE","S"
"0025","INTERVENTI ALTA SPECIALIZZAZIONE","S"
"0027","VISITE SPECIALISTICHE","S"
"0028","VISITE SPECIALISTICHE","S"
"0029","VISITE SPECIALISTICHE","S"
"0055","PARTO CESAREO E ABORTO TERAPEUTICO","S"
"0056","PARTO NATURALE","S"
"0057","DIARIA SURROGATORIA","S"
"0058","TRASPORTO INFERMO ITALIA E ESTERO AMBULANZA TRENO E AEREO","S"
"0059","VITTO E PERNOTTAMENTO ACCOMPAGNATORE","S"
"0060","ASSISTENZA INFERMIERISTICA DOMICILIARE","S"
"0061","TERAPIE","S"
"0062","MEDICINALI","S"
"0063","MEDICINA PREVENTIVA","S"
"0064","CURE DENTARIE","S"
"0065","TICKET","S"
"0066","LENTI CORRETTIVE","S"
"0112","CURE DENTARIE E ORTODONTICHE","S"
"0168","LENTI CORRETTIVE","S"
"0169","PRESTAZIONI FISIOTERAPICHE A SEGUITO INFORTUNIO","S"
"0170","VISITE SPECIALISTICHE ED ESAMI DIAGNOSTICI DI LABORATORIO","S"
"0171","PRESTAZIONI DI FISIOKINESITERAPIA","S"
"0172","CURE DENTARIE ED ORTODONTICHE","S"
"0173","EXTRAOSPEDALIERE","S"
"0175","PARTO NATURALE","S"
"0176","DAY HOSPITAL SENZA INTERVENTO","S"
"0177","TRASPORTO INFERMO E ACCOMP. ESTERO TRENO E AEREO","S"
"0178","VITTO E PERNOTTAMENTO ACCOMPAGNATORE","S"
"0179","DIARIA SURROGATORIA","S"
"0180","CURE PER PATOLOGIE ONCOLOGICHE","S"
"0188","LENTI CORRETTIVE","S"
"0189","PROTESI E PRESIDI","S"
"0238","DIARIA SURROGATORIA DAY HOSPITAL","S"
"0239","DIARIA SURROGATORIA PARTO NATURALE","S"
"0240","TRISOMIA 21","S"
"0241","LIVELLO DI NON AUTOSUFFICIENZA 40 PUNTI","S"
"0242","LIVELLO DI NON AUTOSUFFICIENZA 35 PUNTI","S"
"0243","FECONDAZIONE ETEROLOGA","S"
"0244","CURE TERMALI PER MINORI","S"
"0249","TICKET","S"
"0014","VISITA PREVENTIVA","S"
"0015","PARTO CESAREO","S"
"0016","PARTO NATURALE","S"
"0017","INDENNITA' DI CONVALESCENZA","S"
"0018","DIARIA SURROGATORIA","S"
"0019","VISITE SPECIALISTICHE ED ESAMI DIAGNOSTICI DI LABORATORIO","S"
"0020","COLLOQUI E SEDUTE PSICHIATRICHE","S"
"0021","CURE DENTARIE ED ORTODONTICHE","S"
"0022","VISITE SPECIALISTICHE","S"
"0023","PACCHETTO PREVENZIONE CAPONUCLEO E CONIUGE","S"
"0024","DIARIA SURROGATORIA","S"
"0026","TRASPORTO INFERMO E ACCOMP. ESTERO TRENO E AEREO","S"
"0030","LENTI CORRETTIVE","S"
"0035","PACCHETTO PREVENZIONE CAPONUCLEO E CONIUGE","S"
"0068","LOGOPEDIA","S"
"0079","TRASPORTO IN AMBULANZA","S"
"0080","TRASPORTO INFERMO E ACCOMPAGNATORE ESTERO","S"
"0081","VISITE SPECIALISTICHE","S"
"0082","VISITE PEDIATRICHE","S"
"0083","CURE DENTARIE E ORTODONTICHE","S"
"0084","CURE TERAPIE E MEDICINALI PER AFFEZIONI ONCOLOGICHE","S"
"0085","LENTI CORRETTIVE E LENTI A CONTATTO","S"
"0086","TERAPIE FINALIZZATE AL RECUPERO DELLA SALUTE","S"
"0087","PSICOTERAPIA","S"
"0088","PROTESI ACUSTICHE","S"
"0089","ASSISTENZA INFERMIERISTICA DOMICILIARE","S"
"0090","CURE TERMALI","S"
"0109","TERAPIE FINALIZZATE AL RECUPERO DELLA SALUTE","S"
"0148","TRASPORTO IN AMBULANZA","S"
"0149","EXTRAOSPEDALIERE","S"
"0158","CURE DENTARIE E ORTODONTONTICHE","S"
"0201","AREA RICOVERO","S"
"0202","EXTRAOSPEDALIERE","S"
"0203","SPESE DOMICILIARI E AMBULATORIALI","S"
"0207","AREA RICOVERI","S"
"0209","GRANDE INTERVENTO CHIRURGICO","S"
"0219","AREA RICOVERO","S"
"0220","EXTRARICOVERO","S"
"0221","EXTRARICOVERO","S"
"0222","PRESTAZIONI FISIOTERAPICHE","S"
"0223","CURE ODONTOIATRICHE","S"
"0224","CURE ODONTOIATRICHE","S"
"0225","NON AUTOSUFFICIENZA","S"
"0226","NON AUTOSUFFICIENZA","S"
"0227","NON AUTOSUFFICIENZA","S"
"0228","RIMPATRIO DELLA SALMA","S"
"0229","GARANZIA NEONATI","S"
"0230","EXTRAOSPEDALIERE","S"
"0231","PROTESI ORTOPEDICHE ED ACUSTICHE","S"
"0232","CURE PER PATOLOGIE ONCOLOGICHE","S"
"0233","PACCHETTO MATERNITA","S"
"0234","CURE DENTARIE","S"
"0235","PROTESI ORTODONTICHE","S"
"0245","AREA RICOVERO","S"
"0246","GRANDI INTERVENTI","S"
"0247","EXTRAOSPEDALIERE","S"
"0248","LENTI CORRETTIVE","S"
"0031","PRESTAZIONI FISIOTERAPICHE","S"
"0032","EXTRAOSPEDALIERE","S"
"0033","CURE ODONTOIATRICHE","S"
"0034","PRESTAZIONI DI IMPIANTOLOGIA","S"
"0036","CURE DENTARIE ED ORTODONTICHE","S"
"0049","VISITE SPECIALISTICHE ED ESAMI DIAGNOSTICI","S"
"0050","MEDICINALI","S"
"0051","LENTI CORRETTIVE","S"
"0052","SPESE AGGIUNTIVE","S"
"0053","EXTRAOSPEDALIERE","S"
"0054","CURE DENTARIE ED ORTODONTICHE","S"
"0110","INFERMITA' GRAVI E PERMANENTI","S"
"0111","SINDROME DELLO SPETTRO AUTISTICO","S"
"0122","VISITE SPECIALISTICHE ED ESAMI DIAGNOSTICI E DI LABORATORIO","S"
"0123","CURE DENTARIE ED ORTODONTICHE","S"
"0124","VISITE SPECIALISTICHE ED ESAMI DIAGNOSTICI E DI LABORATORIO","S"
"0125","PSICOTERAPIA","S"
"0126","STATO DI NON AUTOSUFFICIENZA","S"
"0127","INTERVENTO TONSILLE O VEGETAZIONI ADENOIDE","S"
"0128","AREA RICOVERO GENITORI","S"
"0130","VISITE SPECIALISTICHE ED ESAMI DIAGNOSTICI DI LABORATORIO","S"
"0131","VISITE PEDIATRICHE","S"
"0132","MEDICINALI","S"
"0133","CURE DENTARIE ED ORTODONTICHE","S"
"0134","LENTI CORRETTIVE","S"
"0135","MASSIMALE AREA RICOVERO","S"
"0136","VISITE SPECIALISTICHE","S"
"0137","CURE DENTARIE E ORTODONTICHE","S"
"0138","CURE ONCOLOGICHE","S"
"0139","PROTESI ORTOPEDICHE ED ACUSTICHE","S"
"0140","EXTRAOSPEDALIERE","S"
"0141","CURE E PATOLOGIE ONCOLOGICHE","S"
"0142","PRESTAZIONI DI FISIOKINESITERAPIA","S"
"0145","VISITE SPECIALISTICHE","S"
"0146","MASSIMALE AREA RICOVERO","S"
"0147","RIMPATRIO SALMA","S"
"0150","MASSIMALE AREA RICOVERO","S"
"0151","TRASPORTO INFERMO E ACCOMPAGNATORE ESTERO","S"
"0159","INDENNITA' MUTUO","S"
"0160","LENTI CORRETTIVE","S"
"0161","CURE DENTARIE ED ORTODONTICHE","S"
"0162","CURE DENTARIE ED ORTODONTICHE","S"
"0039","LENTI CORRETTIVE","S"
"0037","PRESTAZIONI DI FISIOKINESITERAPIA","S"
"0038","PSICOTERAPIA","S"
"0040","GRANDI INTERVENTI","S"
"0041","CURE TERMALI","S"
"0042","DIARIA SURROGATORIA","S"
"0043","EXTRAOSPEDALIERE","S"
"0044","VISITE SPECIALISTICHE","S"
"0045","CURE DENTARIE ED ORTODONTICHE","S"
"0046","PROTESI ORTOPEDICHE E O ACUSTICHE","S"
"0047","MEDICINA PREVENTIVA","S"
"0048","SPESE FUNERARIE","S"
"0069","PEDIATRICHE","S"
"0070","PARTO NATURALE","S"
"0071","DAY HOSPITAL SENZA INTERVENTO","S"
"0072","TRASPORTO INFERMO ITALIA E ESTERO AMBULANZA TRENO E AEREO","S"
"0073","EXTRAOSPEDALIERE","S"
"0074","CHECK UP DONNA E UOMO","S"
"0075","CURE DENTARIE E ORTODONTICHE","S"
"0076","PROTESI ORTOPEDICHE ED ACUSTICHE","S"
"0077","LENTI CORRETTIVE","S"
"0078","SPESE FUNERARIE","S"
"0096","MASSIMALE RICOVERI","S"
"0097","MASSIMALE RADDOPPIATO GRANDI INTERVENTI","S"
"0098","TRASPORTO IN AMBULANZA","S"
"0099","TRASPORTO SALMA","S"
"0113","MASSIMALE AREA RICOVERI","S"
"0114","MASSIMALE RADDOPPIATO GRANDI INTERVENTI","S"
"0115","PARTO NATURALE","S"
"0116","CORREZIONE VIZI DI RIFRAZIONE","S"
"0117","TRASPORTO ASSISTITO IN ITALIA","S"
"0118","TRASPORTO ASSISTITO ESTERO","S"
"0119","ABORTO","S"
"0120","EXTRAOSPEDALIERE","S"
"0121","SPESE FUNERARIE","S"
"0129","CURE ODONTOIATRICHE","S"
"0165","INTERVENTO CHIRURGICO DI ALTA SPECIALIZZAZIONE","S"
"0174","CURE DENTARIE E ORTODONTICHE","S"
"0218","ASSISTENZA INFERMIERISTICA DOMICILIARE","S"
"0250","PROTESI","S"
"0092","GRANDI INTERVENTI","S"
"0067","VISITE SPECIALISTICHE ED ESAMI DIAGNOSTICI DI LABORATORIO","S"
"0091","AREA RICOVERO","S"
"0093","PARTO NON CESAREO","S"
"0094","VISITE SPECIALISTICHE ED ESAMI DIAGNOSTICI E DI LABORATORIO","S"
"0095","TRATTAMENTI ORTODONTICI","S"
"0100","PARTO NON CESAREO","S"
"0101","ALTA DIAGNOSTICA","S"
"0102","SPECIALISTICHE","S"
"0103","SPESE IN GRAVIDANZA","S"
"0104","VISITE SPECIALISTICHE PEDIATRICHE","S"
"0105","CURE DENTARIE","S"
"0106","CURE INTERVENTI CHIRURGICI ED APPARECCHI ORTODONTICI","S"
"0107","ACQUISTO APPARECCHI PROTESICI","S"
"0108","CURE ONCOLOGICHE","S"
"0143","LENTI CORRETTIVE","S"
"0144","CURE DENTARIE ED ORTODONTICHE","S"
"0152","LENTI CORRETTIVE","S"
"0153","MASSIMALE AREA RICOVERO","S"
"0154","EXTRAOSPEDALIERE","S"
"0155","COLLOQUI E SEDUTE PSICHIATRICHE","S"
"0156","CURE DENTARIE ED ORTODONTICHE","S"
"0157","LENTI CORRETTIVE","S"
"0163","VISITE SPECIALISTICHE","S"
"0164","CURE ODONTOIATRICHE E ORTODONTICHE","S"
"0166","VISITE SPECIALISTICHE ED ESAMI DIAGNOSTICI DI LABORATORIO","S"
"0167","CURE DENTARIE ED ORTODONTICHE","S"
"0181","ONORARI MEDICI SPECIALISTICI","S"
"0182","COLLOQUI E SEDUTE PSICHIATRICHE","S"
"0183","PRESTAZIONI DI FISIOTERAPIA","S"
"0184","CURE DENTARIE E ORTODONTICHE","S"
"0185","PROTESI E/O PRESIDI ORTOPEDICI","S"
"0186","PRESIDI ORTOPEDICI","S"
"0187","RIMPATRIO SALMA","S"
"0190","AREA RICOVERO","S"
"0191","INTERVENTI CHIRURGICI CORREZIONE MIOPIA","S"
"0192","PARTO CESAREO","S"
"0193","PARTO NON CESAREO","S"
"0194","DAY HOSPITAL SENZA INTERVENTO","S"
"0195","TRASPORTO INFERMO ITALIA E ESTERO AMBULANZA TRENO E AEREO","S"
"0196","VITTO E PERNOTTAMENTO ACCOMPAGNATORE","S"
"0197","DIARIA SURROGATORIA","S"
"0198","AREA EXTRA RICOVERO","S"
"0199","PROTESI ACUSTICHE ED ORTOPEDICHE","S"
"0200","RIMPATRIO SALMA","S"
"0204","EXTRAOSPEDALIERE","S"
"0205","CURE DENTARIE ED ORTODONTICHE","S"
"0206","LENTI E OCCHIALI","S"
"0208","GRANDI INTERVENTI","S"
"0210","PARTO CESAREO","S"
"0211","TRASPORTO ITALIA ESTERO MEZZI SANITARIAMENTE ATTREZZATI","S"
"0212","INDENNITA' SOSTITUTIVA","S"
"0213","PRESTAZIONI DI ALTA DIAGNOSTICA","S"
"0214","VISITE SPECIALISTICHE","S"
"0215","TRATTAMENTI FISIOTERAPICI E RIEDUCATIVI","S"
"0216","GRANDI INTERVENTI ODONTOIATRICI","S"
"0217","NON AUTOSUFFICIENZA","S"
"0236","TRASPORTO IN EUROPA","S"
"0237","TRASPORTO NEL RESTO DEL MONDO","S"
"0255","CORREZIONE DIFETTI VISIVI","S"
"0257","CURE DENTARIE A SEGUITO DI INFORTUNIO","S"
"0258","SUPPORTO PSICOLOGICO","S"
"0259","AGOPUNTURA","S"
"0260","TUTORI ESTERNI A SEGUITO DI INTERVENTO","S"
"0261","NOLEGGIO APPARECCHIATURE PROTESICHE SANITARIE E FISIOTERAPICHE","S"
"0253","CORREZIONE DIFETTI VISIVI OCCHIO DESTRO","S"
"0251","VIDEOCONSULTO","S"
"0252","VIDEOCONSULTO_1 ","S"
"0254","CORREZIONE DIFETTI VISIVI OCCHIO SINISTRO","S"
"0256","PROTESI ORTOPEDICHE","S"
"0262","SUPPORTO PSICOLOGICO","S"
"0263","CURE DENTARIE DA INFORTUNIO","S"
"0264","NOLEGGIO APPAREC. PROTESICHE, SANITARIE E FISIOT. POST RICOVERO","S"
"0265","TICKET","S"
"0266","AGOPUNTURA","S"
"0275","DIARIA SURROGATORIA PER RICOVERO A CARICO DEL FONDO PRINCIPALE","S"
"0276","RICOVERO PER DISTURBI MENTALI","S"
"0292","LENTI PROTESI E APPARECCHI ACUSTICI","S"
"0298","TRATTAMENTI ORTODONTICI","S"
"0299","RICOVERO SENZA INTERVENTO CHIRURGICO","S"
"0300","PARTO CESAREO E ABORTO TERAPEUTICO","S"
"0302","CORREZIONE DIFETTI VISIVI OCCHIO DESTRO","S"
"0303","CORREZIONE DIFETTI VISIVI OCCHIO SINISTRO","S"
"0310","PARTO CESAREO E ABORTO TERAPEUTICO","S"
"0311","CORREZIONE DIFETTI VISIVI OCCHIO DESTRO","S"
"0312","CORREZIONE DIFETTI VISIVI OCCHIO SINISTRO","S"
"0318","LENTI USA E GETTA","S"
"0319","LENTI USA E GETTA","S"
"0327","TRATTAMENTI ORTODONTICI","S"
"0328","ORTODONZIA","S"
"0339","INTERVENTI CHIRURGICI ED ENDOSCOPICI","S"
"0345","SPESE PRE/POST E TRASPORTO ASSICURATO","S"
"0347","TICKET","S"
"0348","TRASPORTO ASSISTITO ESTERO","S"
"0349","TRASPORTO ASSISTITO IN ITALIA","S"
"0364","RICOVERO PER GRAVI EVENTI MORBOSI","S"
"0365","TRASPORTO ASSICURATO PER GRANDI INTERVENTI","S"
"0366","TRASPORTO ORGANI IN CASO DI TRAPIANTO","S"
"0367","ASSISTENZA INFERMIERISTICA PER GRANDI INTERVENTI","S"
"0368","MASSIMALE AREA RICOVERO FAMILIARI","S"
"0369","GRANDI INTERVENTI FAMILIARI","S"
"0370","VISITE SPECIALISTICHE ED ESAMI DIAGNOSTICI DI LABORATORIO FAMILIARI","S"
"0371","CURE ODONTOIATRICHE FAMILIARI","S"
"0372","LENTI CORRETTIVE FAMILIARI","S"
"0373","INDENNITA' SOSTITUTIVA","S"
"0374","MASSIMALE AREA RICOVERO FAMILIARI","S"
"0375","VISITE SPECIALISTICHE ED ESAMI DIAGNOSTICI DI LABORATORIO FAMILIARI","S"
"0376","CURE ODONTOIATRICHE FAMILIARI","S"
"0377","LENTI CORRETTIVE FAMILIARI","S"
"0379","LENTI CORRETTIVE/AMPLIFICATORI ACUSTICI","S"
"0380","CURE PSICOTERAPICHE SOLO PER IL CAPONUCLEO","S"
"0381","CHECK UP DONNA","S"
"0382","CHECK UP UOMO","S"
"0267","MONTATURA OCCHIALI","S"
"0268","SPESE PRE/POST RICOVERO","S"
"0269","PRESTAZIONI PER IL NASCITURO","S"
"0270","CURE DENTARIE E ACQUISTO LENTI","S"
"0271","DIARIA IN CONSEGUENZA DI INFORTUNIO E/O MALATTIA","S"
"0273","CURE DENTARIE A SEGUITO DI MALATTIA","S"
"0274","DAY HOSPITAL","S"
"0277","RICOVERO SENZA INTERVENTO CHIRURGICO","S"
"0278","TRASPORTO INFERMO E ACCOMPAGNATORE ITALIA","S"
"0279","LENTI PROTESI E APPARECCHI ACUSTICI","S"
"0282","INTERVENTO AMBULATORIALE/DAY HOSPITAL CHIRURGICO","S"
"0283","COLESTECTOMIA","S"
"0284","MENISCECTOMIA/LEGAMENTI CROCIATI","S"
"0285","RIMOZIONE MEZZI DI SINTESI","S"
"0286","INTERVENTO SPALLA","S"
"0287","ERNIA INGUINALE","S"
"0288","EMORROIDI","S"
"0289","ADENOTONSILLECTOMIA","S"
"0290","CATARATTA OCCHIO DESTRO","S"
"0291","CATARATTA OCCHIO SINISTRO","S"
"0296","LENTI PROTESI E APPARECCHI ACUSTICI","S"
"0313","CURE DENTARIE","S"
"0317","DAY HOSPITAL/INTERVENTO AMBULATORIALE","S"
"0320","CORREZIONE DIFETTI VISIVI","S"
"0321","LENTI USA E GETTA","S"
"0323","LENTI E OCCHIALI","S"
"0324","TRASPORTO AMBULANZA ASSISITITO E SPESE POST RICOVERO","S"
"0325","DISTURBI MENTALI","S"
"0326","DETARTRASI","S"
"0329","PARTO NATURALE O CESAREO","S"
"0330","INFERMITA' GRAVI E PERMANENTI","S"
"0331","PARTO NATURALE O CESAREO","S"
"0332","PACCHETTO MATERNITA","S"
"0333","INFERMITA' GRAVI E PERMANENTI","S"
"0334","MASSIMALE AD EVENTO GRANDE INTERVENTO","S"
"0335","ACCERTAMENTI CARDIOVASCOLARI A SCOPO PREVENTIVO","S"
"0336","ACCERTAMENTI ONCOLOGICI A SCOPO PREVENTIVO","S"
"0337","INTERVENTI CHIRURGICI ED ENDOSCOPICI","S"
"0340","ALTA DIAGNOSTICA","S"
"0341","INTERVENTI CHIRURGICI ED ENDOSCOPICI","S"
"0342","TRASPORTO ACCOMPAGNATORE ESTERO","S"
"0343","PARTO E ABORTO TERAPEUTICO","S"
"0344","PLANTARI ORTOPEDICI","S"
"0354","VISITA DERMATOLOGICA ED EPILUMINESCENZA","S"
"0355","VISITA DERMATOLOGICA PER PREVENZIONE","S"
"0356","VISITA DERMATOLOGICA PER FAMILIARITA O CONTROLLO","S"
"0362","CHECK UP CAPONUCLEO","S"
"0363","CHECK UP CONIUGE","S"
"0378","LENTI CORRETTIVE/AMPLIFICATORI ACUSTICI","S"
"0272","UNA TANTUM PER MALATTIE ONCOLOGICHE","S"
"0280","GRANDI INTERVENTI","S"
"0281","TRATTAMENTI FISIOTERAPICI E RIEDUCATIVI","S"
"0293","CURE DENTARIE NON IN CONVENZIONE","S"
"0294","CURE DENTARIE IN CONVENZIONE ADESIONE SECONDO SEMESTRE","S"
"0295","CURE DENTARIE NON IN CONVENZIONE ADESIONE SECONDO SEMESTRE","S"
"0297","PARTO NATURALE O CESAREO","S"
"0301","PREVENZIONE CURE DENTARIE","S"
"0304","SPESE POST","S"
"0305","PARTO CESAREO E ABORTO TERAPEUTICO","S"
"0306","CORREZIONE DIFETTI VISIVI OCCHIO DESTRO","S"
"0307","CORREZIONE DIFETTI VISIVI OCCHIO SINISTRO","S"
"0308","CURE DENTARIE","S"
"0309","CURE DENTARIE","S"
"0314","CORREZIONE DIFETTI VISIVI OCCHIO DESTRO","S"
"0315","CORREZIONE DIFETTI VISIVI OCCHIO SINISTRO","S"
"0316","CURE DENTARIE","S"
"0322","LENTI E OCCHIALI","S"
"0338","PRESTAZIONI SANITARIE AMBULATORIALI/INTERVENTI CORREZIONE VISUS","S"
"0346","CURE DENTARIE","S"
"0350","FISIOTERAPIA PER CAPONUCLEO CON I.P. SUPERIORE AL 66%","S"
"0351","DISFORIA DI GENERE","S"
"0352","INTERVENTI ESTETICI PER DISFORIA DI GENERE","S"
"0353","PROCREAZIONE MEDICALMENTE ASSISTITA","S"
"0357","SEDUTE DI FISIOTERAPIA","S"
"0358","PSICOTERAPIA PER CAPONUCLEO CON I.P. SUPERIORE AL 66%","S"
"0359","RICOVERO CON INTERVENTO A SEGUITO DI MASTECTOMIA/QUADRANTECTOMIA","S"
"0360","COLLOQUI E SEDUTE PSICHIATRICHE CAPONUCLEO PER PATOLOGIE ONCOLOGICHE","S"
"0361","INDENNIZZO FORFETTARIO RICOVERO CON INTERVENTO","S"
"0383","COMFORT RICOVERO","S"
